Employee_ID;First_Name;Last_Name;Gender;Age;Hire_Date;Tenure_Months;Department;Job_Level;Base_Salary;Performance_Rating;Manager_ID;Employment_Status;Termination_Date;Termination_Type;Survey_Date;Overall_Satisfaction;Manager_Effectiveness;Work_Life_Balance;Career_Development;Compensation_Satisfaction;Workload_Manageability;Team_Collaboration;Recognition;media_horas_extras;turnover;turnover_fator;Commute_Distance_Miles;Estimated_Commute_Time_Minutes;
1;EMP-0001;Aaron;Ramirez;Male;41;04/03/2021;44;Nursing;RN II;75383.59;4.1;MGR-044;Active;NA;NA;15/06/2024;2.7;2.7;1.8;2.3;2.1;2.4;1.9;1.3;0;0;Fica;17.4;29
2;EMP-0002;Frank;Bryant;Female;56;02/04/2015;115;Surgery;RN IV;110229.01;3.3;MGR-041;Terminated;07/06/2022;Voluntary;NA;323.125;NA;NA;NA;NA;NA;NA;NA;0;1;Sai;10.5;20
3;EMP-0003;Joseph;Phillips;Female;47;13/04/2014;126.6;Pediatrics;RN II;80463.61;3.9;MGR-007;Active;NA;NA;15/06/2024;3.7;3.6;3.5;3.5;3.5;3.6;3.9;3.6;0;0;Fica;18.8;28
4;EMP-0004;Adam;Chavez;Female;32;26/04/2022;30.2;ICU;RN II;69111.69;3.8;MGR-014;Active;NA;NA;15/06/2024;3.7;4.5;4.2;2.9;4.0;3.7;4.1;4.2;0;0;Fica;14.3;11
5;EMP-0005;Anna;Gonzales;Male;29;31/01/2017;93;Surgery;RN IV;110435.44;3.2;MGR-029;Terminated;27/01/2018;Voluntary;15/06/2024;2.6;2.1;2.0;1.9;2.8;2.4;2.4;1.9;0;1;Sai;0.5;-12
6;EMP-0006;Christopher;Woods;Male;42;30/09/2016;97;Surgery;RN IV;101186;4.4;MGR-019;Active;NA;NA;NA;323.125;NA;NA;NA;NA;NA;NA;NA;0;0;Fica;10.7;13
7;EMP-0007;Aaron;Patterson;Male;24;03/07/2016;100;Pediatrics;RN II;80014.48;3.9;MGR-019;Active;NA;NA;15/06/2024;3.9;3.8;3.1;4.5;3.3;3.8;4.1;3.4;0;0;Fica;13.5;56
8;EMP-0008;Joan;Morgan;Female;56;26/07/2015;111.2;Surgery;RN III;95105.02;3.6;MGR-002;Active;NA;NA;NA;323.125;NA;NA;NA;NA;NA;NA;NA;0;0;Fica;23.8;62
9;EMP-0009;Justin;Foster;Female;49;05/04/2022;30.9;ICU;RN I;63407.94;3.5;MGR-041;Active;NA;NA;NA;323.125;NA;NA;NA;NA;NA;NA;NA;0;0;Fica;16.6;21
10;EMP-0010;Debra;Owens;Female;33;24/02/2015;116.2;ICU;RN III;93363.88;3.9;MGR-045;Active;NA;NA;15/06/2024;4.2;4.2;5.0;4.1;3.7;4.7;4.5;3.7;0;0;Fica;6.6;23
11;EMP-0011;Peter;Harris;Male;22;03/08/2021;39;ICU;RN II;72400.9;4;MGR-015;Active;NA;NA;15/06/2024;4.4;4.9;4.1;4.3;4.4;4.7;4.8;4.2;0;0;Fica;48.9;105
12;EMP-0012;Maria;Wallace;Female;51;22/04/2022;30.4;Pediatrics;RN II;74596.35;3.7;MGR-003;Active;NA;NA;15/06/2024;2.5;2.1;1.7;2.1;2.7;2.6;2.3;2.2;0;0;Fica;29.3;41
13;EMP-0013;Diane;Evans;Female;36;12/02/2020;56.6;Nursing;RN III;95146.19;2.1;MGR-011;Terminated;07/01/2023;Involuntary;NA;323.125;NA;NA;NA;NA;NA;NA;NA;0;1;Sai;14.7;19
14;EMP-0014;Kathryn;Freeman;Male;50;23/12/2014;118.3;Surgery;RN III;89348.24;3.8;MGR-046;Active;NA;NA;15/06/2024;2.6;2.6;2.4;2.5;3.2;2.5;2.8;2.8;0;0;Fica;16.7;55
15;EMP-0015;Christian;Woods;Male;22;15/08/2020;50.6;Surgery;RN II;73009.18;2.9;MGR-030;Active;NA;NA;15/06/2024;4.2;4.5;4.0;3.7;4.3;4.6;4.1;3.8;0;0;Fica;14.4;11
16;EMP-0016;Frances;Cruz;Male;32;25/09/2018;73.2;Nursing;RN III;89907.4;3.7;MGR-040;Active;NA;NA;15/06/2024;2.5;3.0;3.8;3.2;2.9;3.2;3.2;2.9;0;0;Fica;7.8;19
17;EMP-0017;Timothy;Hill;Male;38;11/05/2014;125.7;Surgery;RN III;95251.99;3;MGR-018;Active;NA;NA;15/06/2024;3.2;3.0;3.8;3.9;3.4;3.1;3.8;3.1;0;0;Fica;16.9;54
18;EMP-0018;Mary;Henderson;Female;38;03/05/2014;126;Nursing;RN III;87363.33;3;MGR-048;Active;NA;NA;NA;323.125;NA;NA;NA;NA;NA;NA;NA;0;0;Fica;2.4;-6
19;EMP-0019;Debra;Adams;Male;33;19/01/2015;117.4;Nursing;RN IV;100953.95;4.5;MGR-002;Terminated;11/08/2023;Involuntary;15/06/2024;3.4;3.6;4.3;2.8;2.9;3.2;3.7;3.4;0;1;Sai;13.9;27
20;EMP-0020;Abigail;Fernandez;Male;44;14/06/2016;100.6;Pediatrics;RN III;93392.22;3.6;MGR-032;Terminated;31/07/2019;Voluntary;NA;323.125;NA;NA;NA;NA;NA;NA;NA;0;1;Sai;8.2;16
21;EMP-0021;Donna;Griffin;Female;27;10/08/2016;98.7;Nursing;RN IV;112041.63;3.6;MGR-008;Terminated;30/07/2024;Voluntary;15/06/2024;3.3;3.5;3.2;2.3;2.9;2.5;3.0;3.0;0;1;Sai;3.5;-11
22;EMP-0022;Cheryl;Medina;Male;36;01/09/2019;62;Pediatrics;RN III;83610.2;4.1;MGR-022;Terminated;01/12/2021;Voluntary;15/06/2024;3.1;1.9;2.8;3.4;2.8;3.0;3.7;3.0;0;1;Sai;7.5;24
23;EMP-0023;Christopher;Howard;Male;39;01/10/2020;49;Surgery;RN II;71358.24;3.6;MGR-006;Terminated;07/11/2021;Involuntary;15/06/2024;3.8;3.7;3.7;2.7;3.0;4.0;3.6;3.5;0;1;Sai;6.8;12
24;EMP-0024;Laura;Kennedy;Male;43;19/04/2014;126.4;Emergency;RN IV;100413.52;5;MGR-012;Active;NA;NA;15/06/2024;4.1;3.5;4.3;3.7;3.6;3.6;4.0;3.4;0;0;Fica;9.6;26
25;EMP-0025;Nancy;Ramos;Male;45;17/04/2020;54.5;Nursing;RN II;72871.18;3.6;MGR-047;Active;NA;NA;NA;323.125;NA;NA;NA;NA;NA;NA;NA;0;0;Fica;5.8;10
26;EMP-0026;Alexander;Rodriguez;Female;26;25/03/2016;103.3;Nursing;RN IV;105655.97;4;MGR-040;Active;NA;NA;15/06/2024;2.6;2.2;3.2;3.2;2.5;2.7;2.9;3.0;0;0;Fica;16.5;43
27;EMP-0027;Edward;Kelly;Male;22;11/01/2022;33.7;ICU;RN II;78483.57;4.4;MGR-036;Terminated;07/08/2022;Voluntary;15/06/2024;1.8;1.2;1.3;1.2;1.3;1.9;1.8;1.4;0;1;Sai;22.9;46
28;EMP-0028;Ryan;Washington;Female;50;15/04/2021;42.6;Administration;RN III;92418.36;4.8;MGR-015;Active;NA;NA;NA;323.125;NA;NA;NA;NA;NA;NA;NA;0;0;Fica;4.9;11
29;EMP-0029;Joseph;Miller;Female;41;12/11/2021;35.6;ICU;RN II;76693;3.4;MGR-028;Active;NA;NA;NA;323.125;NA;NA;NA;NA;NA;NA;NA;0;0;Fica;5.5;14
30;EMP-0030;Ronald;Harrison;Male;30;11/02/2020;56.7;Nursing;RN III;87638;3.5;MGR-049;Active;NA;NA;15/06/2024;4.7;3.6;4.5;4.7;3.6;4.8;4.9;4.9;0;0;Fica;7.8;-9
31;EMP-0031;Julie;Ford;Female;53;15/09/2018;73.6;ICU;RN IV;112304.61;4.6;MGR-045;Active;NA;NA;15/06/2024;3.3;3.5;4.1;3.1;3.3;3.2;3.4;3.4;0;0;Fica;12.9;44
32;EMP-0032;Jason;Clark;Male;39;21/06/2016;100.4;Emergency;RN III;89540.59;4.3;MGR-018;Active;NA;NA;15/06/2024;4.9;4.1;5.0;4.1;4.4;5.0;4.6;4.2;0;0;Fica;5.1;14
33;EMP-0033;Amy;Griffin;Male;49;14/01/2019;69.6;Pediatrics;RN II;81707.47;4.4;MGR-002;Active;NA;NA;15/06/2024;2.9;2.8;2.8;2.9;2.8;3.4;3.2;3.3;0;0;Fica;4.8;-13
34;EMP-0034;Christian;Jones;Female;38;10/08/2020;50.7;Nursing;RN II;76877.99;3;MGR-013;Active;NA;NA;15/06/2024;2.8;3.3;3.2;3.3;3.2;3.5;3.1;3.3;0;0;Fica;12.4;26
35;EMP-0035;Ronald;Lewis;Female;58;13/02/2017;92.6;Pediatrics;RN II;69767.71;4.7;MGR-045;Active;NA;NA;NA;323.125;NA;NA;NA;NA;NA;NA;NA;0;0;Fica;22.7;45
36;EMP-0036;Noah;Chavez;Female;55;29/01/2023;21.1;Emergency;RN II;77466.49;3.3;MGR-015;Active;NA;NA;15/06/2024;3.1;2.9;3.2;2.7;2.5;3.5;3.6;2.3;0;0;Fica;25.6;63
37;EMP-0037;Christopher;Murray;Male;35;01/10/2023;13;Administration;RN II;72551.46;3.9;MGR-020;Active;NA;NA;15/06/2024;2.1;2.1;2.2;1.9;2.1;2.7;2.9;2.2;0;0;Fica;11;28
38;EMP-0038;Larry;Henderson;Male;47;27/01/2014;129.1;Nursing;RN IV;109667.56;3.7;MGR-029;Active;NA;NA;15/06/2024;3.3;2.9;3.2;3.4;3.4;3.8;4.1;3.5;0;0;Fica;12.5;24
39;EMP-0039;Sarah;Cook;Female;44;06/07/2022;27.9;ICU;RN II;68974.98;3.3;MGR-042;Terminated;03/01/2023;Involuntary;15/06/2024;2.5;1.6;1.9;1.7;2.6;1.8;2.6;1.9;0;1;Sai;32.9;60
40;EMP-0040;Andrea;Bennett;Male;51;14/01/2023;21.6;Administration;RN II;70448.34;3;MGR-029;Active;NA;NA;15/06/2024;4.8;4.3;3.8;4.0;3.9;4.6;4.8;5.0;0;0;Fica;7.9;24
41;EMP-0041;Alexander;Washington;Male;28;16/10/2015;108.5;Nursing;RN II;79980.32;2.8;MGR-003;Active;NA;NA;NA;323.125;NA;NA;NA;NA;NA;NA;NA;0;0;Fica;20.2;32
42;EMP-0042;Cynthia;Peterson;Female;44;30/10/2021;36.1;Administration;RN III;85634.87;3.9;MGR-019;Active;NA;NA;15/06/2024;4.1;3.9;4.1;4.1;3.9;4.3;4.6;3.6;0;0;Fica;36.3;75
43;EMP-0043;Susan;Hall;Male;48;28/09/2018;73.1;ICU;RN IV;112229.7;2.9;MGR-003;Active;NA;NA;15/06/2024;4.6;5.0;5.0;3.7;3.9;5.0;4.6;4.4;0;0;Fica;16.8;24
44;EMP-0044;William;Tran;Female;22;25/10/2017;84.2;Nursing;RN III;86468.42;3.1;MGR-014;Active;NA;NA;NA;323.125;NA;NA;NA;NA;NA;NA;NA;0;0;Fica;14.4;29
45;EMP-0045;Rachel;Scott;Male;26;12/02/2017;92.6;Nursing;RN III;92286.11;3.7;MGR-040;Active;NA;NA;15/06/2024;2.1;2.9;3.7;1.9;2.5;2.5;3.2;2.6;0;0;Fica;20.1;29
46;EMP-0046;Timothy;Cooper;Female;22;29/09/2015;109.1;Pediatrics;RN IV;109800.56;2.2;MGR-004;Active;NA;NA;15/06/2024;3.3;2.2;2.8;2.3;3.5;3.1;2.8;2.6;0;0;Fica;10.3;14
47;EMP-0047;Cheryl;Jackson;Male;35;31/05/2016;101.1;Nursing;RN II;75177.17;4.3;MGR-011;Active;NA;NA;NA;323.125;NA;NA;NA;NA;NA;NA;NA;0;0;Fica;11;15
48;EMP-0048;Katherine;Butler;Female;45;25/07/2022;27.3;ICU;RN II;72274.35;2.4;MGR-031;Terminated;19/05/2023;Involuntary;15/06/2024;3.2;3.3;3.2;2.7;2.6;3.5;4.2;3.2;0;1;Sai;22.7;46
49;EMP-0049;Catherine;Price;Female;53;10/10/2017;84.7;Nursing;RN III;85402.31;3.8;MGR-043;Active;NA;NA;15/06/2024;3.6;4.7;4.0;3.9;3.4;3.5;4.1;4.4;0;0;Fica;28.4;54
50;EMP-0050;Nathan;Hughes;Male;38;23/02/2015;116.3;ICU;RN II;68464.65;3.8;MGR-032;Active;NA;NA;15/06/2024;3.6;3.9;3.7;4.0;3.9;3.7;3.5;4.2;0;0;Fica;5.6;6
51;EMP-0051;Linda;Jackson;Female;54;15/01/2015;117.5;Nursing;RN III;86863.14;4.1;MGR-027;Active;NA;NA;NA;323.125;NA;NA;NA;NA;NA;NA;NA;0;0;Fica;34.9;65
52;EMP-0052;Paul;Hill;Female;24;06/04/2018;78.9;Surgery;RN II;77144.28;3.8;MGR-030;Active;NA;NA;NA;323.125;NA;NA;NA;NA;NA;NA;NA;0;0;Fica;14.3;31
53;EMP-0053;Benjamin;Cole;Female;22;01/02/2015;117;Administration;RN II;81136.27;5;MGR-043;Terminated;17/10/2021;Voluntary;15/06/2024;2.7;1.7;3.0;2.5;2.8;3.7;3.7;2.7;0;1;Sai;19.7;40
54;EMP-0054;Deborah;Harrison;Female;37;10/01/2018;81.7;Administration;RN II;80196.86;3.9;MGR-002;Active;NA;NA;15/06/2024;3.6;3.3;3.9;3.1;3.5;3.8;4.0;3.4;0;0;Fica;14.9;28
55;EMP-0055;Diane;Cole;Female;41;04/07/2023;16;Pediatrics;RN II;78724.91;4.4;MGR-049;Active;NA;NA;15/06/2024;2.7;2.5;2.4;2.6;2.1;2.0;3.0;2.0;0;0;Fica;12.1;23
56;EMP-0056;Andrea;Edwards;Female;37;09/11/2017;83.7;Nursing;RN III;94615.16;3.4;MGR-009;Terminated;25/05/2019;Voluntary;15/06/2024;1.8;2.3;2.1;2.1;1.8;3.1;2.5;1.6;0;1;Sai;35.2;72
57;EMP-0057;Mary;Vargas;Male;22;08/10/2020;48.8;Pediatrics;RN III;92639.76;3.9;MGR-028;Active;NA;NA;15/06/2024;3.1;3.4;3.3;2.8;2.6;2.7;3.6;2.7;0;0;Fica;20.7;49
58;EMP-0058;Hannah;Stewart;Male;37;19/12/2016;94.4;Nursing;RN III;86164.59;4.7;MGR-031;Terminated;08/05/2022;Voluntary;15/06/2024;2.6;2.3;2.8;3.5;3.1;2.2;2.8;2.8;0;1;Sai;4.3;6
59;EMP-0059;Rebecca;Hayes;Male;24;19/01/2023;21.4;Nursing;RN II;80700.73;3.7;MGR-034;Active;NA;NA;15/06/2024;3.6;3.3;4.0;3.4;3.2;3.7;4.0;3.1;0;0;Fica;6.6;2
60;EMP-0060;Virginia;Sullivan;Male;44;27/06/2014;124.2;Nursing;RN III;92731.72;3.9;MGR-015;Active;NA;NA;15/06/2024;3;3.3;3.0;2.3;2.8;2.8;3.5;3.0;0;0;Fica;28.8;64
61;EMP-0061;Patricia;Smith;Male;41;08/03/2022;31.8;Emergency;RN II;75846.17;4.4;MGR-048;Active;NA;NA;15/06/2024;3;3.0;3.7;2.3;2.6;2.7;3.1;3.0;0;0;Fica;18.6;46
62;EMP-0062;Rebecca;Ellis;Male;28;25/02/2019;68.2;Pediatrics;RN II;69553.85;3.4;MGR-025;Active;NA;NA;15/06/2024;3.6;4.3;3.5;3.9;4.2;3.9;3.9;4.1;0;0;Fica;8.6;-9
63;EMP-0063;Sara;Alvarez;Female;32;06/01/2020;57.9;ICU;RN III;89152.89;2.5;MGR-036;Active;NA;NA;15/06/2024;2.2;2.3;2.1;2.2;2.2;2.8;2.6;2.1;0;0;Fica;4.5;-7
64;EMP-0064;Carol;Vasquez;Male;27;27/05/2015;113.2;Emergency;RN III;89365.73;4;MGR-008;Active;NA;NA;15/06/2024;2.2;2.6;2.6;1.2;2.8;1.7;2.7;3.0;0;0;Fica;7.4;22
65;EMP-0065;Susan;Parker;Male;37;31/03/2018;79.1;Nursing;RN III;95833.02;4.4;MGR-009;Active;NA;NA;15/06/2024;4.2;4.8;4.4;4.5;4.6;3.8;4.7;4.1;0;0;Fica;14.5;28
66;EMP-0066;Jack;Patterson;Female;47;19/11/2014;119.4;Administration;RN III;90746.37;3;MGR-037;Terminated;13/05/2022;Voluntary;15/06/2024;1;1.0;1.0;1.0;1.0;1.0;1.0;1.0;0;1;Sai;12.8;23
67;EMP-0067;Melissa;Aguilar;Male;28;11/03/2020;55.7;Emergency;RN II;73325.61;4.2;MGR-048;Terminated;08/10/2024;Voluntary;15/06/2024;1.4;1.8;1.5;1.0;1.5;1.8;1.6;1.5;0;1;Sai;6.9;17
68;EMP-0068;Joseph;Edwards;Female;43;15/04/2017;90.6;Emergency;RN II;81675.2;4.2;MGR-045;Active;NA;NA;NA;323.125;NA;NA;NA;NA;NA;NA;NA;0;0;Fica;7.6;12
69;EMP-0069;Michelle;Baker;Male;32;21/04/2023;18.4;Nursing;RN II;69550.09;2.4;MGR-039;Active;NA;NA;15/06/2024;5;5.0;5.0;4.7;5.0;5.0;5.0;4.6;0;0;Fica;11.1;33
70;EMP-0070;Samantha;Stewart;Female;30;18/01/2021;45.4;Pediatrics;RN II;73915.68;3.2;MGR-032;Active;NA;NA;15/06/2024;2.7;3.8;3.6;3.5;3.8;3.6;4.2;3.7;0;0;Fica;0.7;-1
71;EMP-0071;Nathan;Campbell;Female;36;08/12/2020;46.8;ICU;RN II;68588.35;3.6;MGR-017;Active;NA;NA;15/06/2024;1.7;2.9;2.5;2.7;1.6;2.5;2.8;2.2;0;0;Fica;12.9;38
72;EMP-0072;Timothy;Henry;Male;27;06/12/2023;10.9;Nursing;RN I;65399.04;3.7;MGR-035;Active;NA;NA;15/06/2024;2.9;3.4;3.1;3.3;3.1;2.5;3.2;3.3;0;0;Fica;24.9;43
73;EMP-0073;Lisa;Richardson;Male;32;31/08/2023;14.1;Nursing;RN II;80853.07;3.4;MGR-037;Active;NA;NA;15/06/2024;2.4;3.1;2.7;2.7;2.3;3.7;2.7;4.0;0;0;Fica;13.9;23
74;EMP-0074;Janice;Alexander;Female;26;21/01/2018;81.3;ICU;RN II;71920.52;3.3;MGR-019;Active;NA;NA;NA;323.125;NA;NA;NA;NA;NA;NA;NA;0;0;Fica;11.7;42
75;EMP-0075;Evelyn;Wells;Female;57;22/06/2020;52.3;ICU;RN III;95733.47;4.8;MGR-044;Active;NA;NA;15/06/2024;3;2.3;3.3;2.8;3.9;3.4;3.7;3.2;0;0;Fica;42.6;87
76;EMP-0076;Kenneth;Martin;Female;38;27/02/2016;104.1;Nursing;RN IV;102967.71;3.7;MGR-029;Terminated;07/06/2017;Voluntary;15/06/2024;2.3;2.7;2.8;3.2;2.2;3.4;2.7;3.3;0;1;Sai;15.9;48
77;EMP-0077;Joe;Kennedy;Female;31;25/11/2021;35.2;Administration;RN I;67107.7;3.4;MGR-007;Terminated;26/11/2023;Voluntary;15/06/2024;1;1.0;1.0;1.4;1.0;1.0;1.0;1.1;0;1;Sai;2.8;-11
78;EMP-0078;Joseph;Campbell;Male;40;12/10/2014;120.7;Nursing;RN II;78555.47;3.8;MGR-028;Active;NA;NA;15/06/2024;2.8;2.8;2.1;2.3;1.7;1.9;3.0;1.5;0;0;Fica;11;21
79;EMP-0079;Brian;Carter;Male;36;07/07/2014;123.9;Emergency;RN II;79268.69;4.1;MGR-009;Active;NA;NA;15/06/2024;4.8;5.0;5.0;4.7;5.0;5.0;5.0;5.0;0;0;Fica;18.7;56
80;EMP-0080;Nicholas;Wilson;Male;35;01/06/2021;41;Administration;RN II;68252.09;3.8;MGR-028;Terminated;06/08/2023;Voluntary;NA;323.125;NA;NA;NA;NA;NA;NA;NA;0;1;Sai;8.5;16
81;EMP-0081;Alexander;McDonald;Female;44;22/07/2016;99.3;Emergency;RN II;81479.34;3.7;MGR-006;Active;NA;NA;15/06/2024;3.9;4.2;4.0;4.3;2.7;3.8;4.6;4.1;0;0;Fica;48.3;102
82;EMP-0082;Stephen;Smith;Female;45;02/09/2022;26;ICU;RN II;78173.39;3.4;MGR-029;Terminated;09/08/2024;Voluntary;15/06/2024;2.2;2.8;2.5;2.4;2.1;3.2;2.8;2.1;0;1;Sai;1.3;10
83;EMP-0083;William;Patterson;Male;32;31/03/2017;91.1;Emergency;RN II;72266.52;3.4;MGR-017;Terminated;15/07/2024;Voluntary;NA;323.125;NA;NA;NA;NA;NA;NA;NA;0;1;Sai;33.2;57
84;EMP-0084;Debra;Turner;Male;32;23/11/2014;119.3;Nursing;RN III;95270.31;3.4;MGR-016;Terminated;13/07/2021;Voluntary;15/06/2024;2.4;2.3;1.9;1.6;2.7;1.5;2.2;1.4;0;1;Sai;4.1;6
85;EMP-0085;Keith;Alexander;Male;35;05/08/2023;14.9;Administration;RN II;71941.3;4;MGR-023;Active;NA;NA;15/06/2024;4.3;5.0;4.2;4.7;4.3;4.5;4.5;4.5;0;0;Fica;5;-7
86;EMP-0086;Jacqueline;Williams;Male;22;11/08/2016;98.7;Emergency;RN IV;112836.82;3.2;MGR-031;Active;NA;NA;15/06/2024;3.6;4.2;3.6;4.0;3.2;4.0;3.9;4.2;0;0;Fica;11.7;25
87;EMP-0087;Gary;Woods;Female;22;20/09/2023;13.4;Surgery;RN II;69576.13;4;MGR-003;Active;NA;NA;NA;323.125;NA;NA;NA;NA;NA;NA;NA;0;0;Fica;20.1;48
88;EMP-0088;Carl;Lopez;Female;51;18/02/2015;116.4;Nursing;RN III;93258.98;4.6;MGR-021;Active;NA;NA;15/06/2024;4;3.9;4.6;3.9;3.4;3.7;3.9;4.1;0;0;Fica;10.6;13
89;EMP-0089;Benjamin;Kelly;Female;54;06/04/2018;78.9;Nursing;RN III;90651.18;4;MGR-026;Active;NA;NA;15/06/2024;2.5;2.5;2.9;2.5;2.3;3.7;3.5;2.8;0;0;Fica;23;49
90;EMP-0090;Jacqueline;Thomas;Male;35;12/02/2017;92.6;Nursing;RN III;83544.55;3.6;MGR-036;Active;NA;NA;15/06/2024;2.1;3.0;2.0;1.2;1.0;2.1;2.2;1.6;0;0;Fica;36.5;71
91;EMP-0091;Steven;Jenkins;Male;43;01/02/2019;69;ICU;RN II;71386.51;3;MGR-042;Terminated;09/03/2021;Involuntary;15/06/2024;3.1;2.8;2.7;3.1;3.1;3.6;3.6;3.2;0;1;Sai;27.6;64
92;EMP-0092;Ethan;Webb;Female;41;16/02/2021;44.5;Emergency;RN II;68173.66;4.7;MGR-037;Terminated;05/06/2023;Voluntary;NA;323.125;NA;NA;NA;NA;NA;NA;NA;0;1;Sai;28.7;66
93;EMP-0093;Robert;Patterson;Female;65;10/05/2023;17.8;Surgery;RN II;74562.75;3.1;MGR-022;Active;NA;NA;15/06/2024;2.6;2.6;2.8;2.0;2.3;2.1;2.7;2.4;0;0;Fica;58;114
94;EMP-0094;Kenneth;Davis;Female;49;03/02/2018;80.9;Emergency;RN III;86820.24;4.3;MGR-042;Active;NA;NA;15/06/2024;3.6;3.1;3.5;2.5;1.9;2.5;3.2;2.1;0;0;Fica;15.8;15
95;EMP-0095;Margaret;Griffin;Female;36;29/10/2015;108.1;Administration;RN II;76377;4.2;MGR-012;Active;NA;NA;15/06/2024;4.1;3.8;3.5;3.4;3.7;4.0;3.9;2.7;0;0;Fica;15.2;39
96;EMP-0096;Noah;Alvarez;Female;28;25/02/2018;80.2;Nursing;RN III;86755.8;3.7;MGR-042;Active;NA;NA;NA;323.125;NA;NA;NA;NA;NA;NA;NA;0;0;Fica;3.2;3
97;EMP-0097;Anna;Hughes;Female;22;26/12/2017;82.2;Surgery;RN III;86798.71;3.6;MGR-013;Active;NA;NA;NA;323.125;NA;NA;NA;NA;NA;NA;NA;0;0;Fica;17.6;20
98;EMP-0098;Elizabeth;Murray;Male;40;08/05/2016;101.8;Pediatrics;RN IV;110634.28;2.7;MGR-011;Active;NA;NA;15/06/2024;3.7;3.5;2.9;3.2;3.6;3.7;3.6;2.5;0;0;Fica;6.3;-3
99;EMP-0099;Steven;Reyes;Male;30;08/07/2021;39.8;Pediatrics;RN III;82770.29;4;MGR-016;Active;NA;NA;NA;323.125;NA;NA;NA;NA;NA;NA;NA;0;0;Fica;14.3;22
100;EMP-0100;Melissa;Ramirez;Male;23;29/12/2016;94.1;Surgery;RN IV;113349.21;4.2;MGR-008;Active;NA;NA;15/06/2024;3.5;4.1;3.3;2.9;2.5;3.2;3.6;3.3;0;0;Fica;34.8;80
101;EMP-0101;Jesse;Powell;Male;31;14/11/2021;35.6;Pediatrics;RN I;66522.64;3.1;MGR-040;Active;NA;NA;NA;323.125;NA;NA;NA;NA;NA;NA;NA;0;0;Fica;11.4;13
102;EMP-0102;Kathleen;Green;Female;27;31/08/2021;38;ICU;RN II;77349.27;3.7;MGR-040;Active;NA;NA;15/06/2024;4.2;3.6;5.0;4.3;3.8;4.0;4.4;4.2;0;0;Fica;26.7;39
103;EMP-0103;Andrew;Washington;Male;54;08/04/2021;42.8;Nursing;RN II;76305.1;3.8;MGR-045;Terminated;08/01/2023;Voluntary;15/06/2024;2;1.8;1.5;1.4;1.5;2.4;1.6;1.9;0;1;Sai;17.7;48
104;EMP-0104;Jerry;Harrison;Female;46;20/10/2014;120.4;Nursing;RN II;80492.23;4.2;MGR-002;Active;NA;NA;15/06/2024;3.7;3.6;3.1;3.7;3.0;3.0;3.6;3.6;0;0;Fica;17.3;39
105;EMP-0105;Diane;Rivera;Female;37;31/10/2020;48;Administration;RN II;70594.62;3.8;MGR-030;Terminated;24/07/2023;Voluntary;15/06/2024;1.7;1.8;2.4;2.0;2.2;2.2;1.7;2.8;0;1;Sai;21.7;48
106;EMP-0106;Paul;Wright;Male;52;13/02/2021;44.6;ICU;RN III;83263.51;2.8;MGR-030;Active;NA;NA;15/06/2024;3.8;4.6;4.2;3.7;3.5;3.6;4.2;3.9;0;0;Fica;2.9;-4
107;EMP-0107;Tyler;Aguilar;Male;38;02/12/2015;107;Pediatrics;RN II;71353.14;3.5;MGR-012;Active;NA;NA;15/06/2024;3.6;3.6;4.1;3.0;3.3;3.1;4.0;2.9;0;0;Fica;30.9;59
108;EMP-0108;Christian;Brooks;Female;29;28/12/2019;58.1;Emergency;RN III;94713.25;3.9;MGR-010;Terminated;12/08/2020;Involuntary;NA;323.125;NA;NA;NA;NA;NA;NA;NA;0;1;Sai;33.8;49
109;EMP-0109;James;Romero;Male;53;06/03/2022;31.9;Nursing;RN I;58346.7;4.3;MGR-044;Active;NA;NA;15/06/2024;4.7;4.8;4.8;5.0;3.9;4.6;4.9;3.9;0;0;Fica;33.3;76
110;EMP-0110;Robert;Campbell;Male;43;29/09/2016;97.1;Nursing;RN II;76159.3;3.4;MGR-011;Active;NA;NA;15/06/2024;3.3;3.4;2.9;3.9;3.2;3.7;4.2;3.3;0;0;Fica;27.9;57
111;EMP-0111;Teresa;Martinez;Male;27;01/11/2015;108;ICU;RN III;97927;5;MGR-015;Active;NA;NA;NA;323.125;NA;NA;NA;NA;NA;NA;NA;0;0;Fica;12;24
112;EMP-0112;Aaron;Parker;Male;36;09/03/2019;67.8;Emergency;RN III;95691.14;2.7;MGR-016;Active;NA;NA;15/06/2024;3.4;3.0;2.9;3.2;3.0;3.3;3.8;3.0;0;0;Fica;10.5;26
113;EMP-0113;Anthony;Robinson;Female;29;04/04/2018;78.9;Nursing;RN IV;106864.58;3.5;MGR-017;Active;NA;NA;15/06/2024;1.8;2.5;2.1;2.2;2.0;2.6;2.3;2.2;0;0;Fica;9.9;17
114;EMP-0114;Gerald;Henderson;Female;24;10/01/2017;93.7;Emergency;RN IV;99081.9;3.8;MGR-026;Terminated;31/12/2020;Voluntary;15/06/2024;3.7;3.3;3.9;2.4;3.9;2.3;3.1;3.2;0;1;Sai;19.5;46
115;EMP-0115;Joseph;Jones;Female;47;06/03/2021;43.9;Nursing;RN II;79639.23;3.7;MGR-002;Active;NA;NA;15/06/2024;3.7;3.6;2.3;3.2;2.9;2.8;3.6;3.0;0;0;Fica;16.2;31
116;EMP-0116;Rachel;Hamilton;Female;57;19/09/2021;37.4;ICU;RN II;76385.7;3.1;MGR-050;Active;NA;NA;15/06/2024;1.6;1.9;1.9;1.3;2.3;1.6;1.9;2.0;0;0;Fica;19.4;43
117;EMP-0117;Dorothy;Allen;Female;24;31/03/2020;55.1;Nursing;RN III;83838.93;4.1;MGR-012;Terminated;30/12/2020;Voluntary;15/06/2024;2.4;2.6;2.3;2.3;1.6;2.5;2.5;1.9;0;1;Sai;35.2;75
118;EMP-0118;Evelyn;Alexander;Male;43;18/06/2016;100.5;Pediatrics;RN III;83501.72;4;MGR-026;Active;NA;NA;NA;323.125;NA;NA;NA;NA;NA;NA;NA;0;0;Fica;44.4;85
119;EMP-0119;Gary;Cook;Female;31;05/09/2021;37.9;Nursing;RN III;96554.03;3.8;MGR-023;Active;NA;NA;15/06/2024;3.3;3.9;3.7;2.4;3.0;3.3;3.4;3.4;0;0;Fica;8.5;13
120;EMP-0120;Janet;Kennedy;Female;33;21/08/2017;86.4;Emergency;RN II;77368.8;4;MGR-018;Active;NA;NA;15/06/2024;2.9;3.5;3.0;2.8;3.1;3.0;2.8;2.0;0;0;Fica;16.1;51
121;EMP-0121;Stephanie;Hernandez;Female;32;15/06/2023;16.6;Nursing;RN II;79610.02;3.5;MGR-032;Active;NA;NA;15/06/2024;3.2;3.5;4.0;3.1;3.1;3.6;4.1;3.7;0;0;Fica;16;24
122;EMP-0122;Janet;James;Female;29;14/08/2022;26.6;Nursing;RN I;66789.79;2.8;MGR-049;Terminated;31/03/2024;Voluntary;15/06/2024;2.6;1.6;1.9;1.3;2.2;2.7;2.4;1.7;0;1;Sai;4.3;20
123;EMP-0123;Andrea;Sanchez;Male;38;14/09/2022;25.6;Emergency;RN II;76004.81;3.4;MGR-038;Active;NA;NA;15/06/2024;3.7;3.7;3.9;4.1;3.0;4.2;4.3;4.1;0;0;Fica;33.2;57
124;EMP-0124;Jesse;Morales;Male;29;18/08/2014;122.5;Emergency;RN IV;106796.59;3.9;MGR-047;Active;NA;NA;15/06/2024;3.2;3.4;3.7;2.8;1.9;3.2;3.3;2.8;0;0;Fica;25.2;55
125;EMP-0125;Sean;Bennett;Male;40;27/07/2016;99.2;ICU;RN III;88886.84;3.9;MGR-003;Active;NA;NA;15/06/2024;4.4;5.0;4.9;4.2;4.5;4.3;5.0;3.3;0;0;Fica;30.4;60
126;EMP-0126;Mark;Collins;Male;37;21/03/2023;19.4;Nursing;RN II;72437.25;3.8;MGR-038;Active;NA;NA;15/06/2024;2.4;3.1;3.2;2.1;1.8;2.7;2.7;2.3;0;0;Fica;4.2;13
127;EMP-0127;Emily;Clark;Female;35;12/05/2014;125.7;ICU;RN III;88953.54;4.1;MGR-003;Active;NA;NA;15/06/2024;3.6;3.8;3.2;3.0;3.2;4.2;3.5;2.5;0;0;Fica;13.4;33
128;EMP-0128;Richard;Ross;Female;28;11/01/2023;21.7;Surgery;RN II;78834.32;3.5;MGR-030;Terminated;30/06/2024;Involuntary;15/06/2024;2.1;1.6;2.1;2.3;1.3;1.8;2.2;1.3;0;1;Sai;25.1;68
129;EMP-0129;Alice;Sullivan;Male;32;16/07/2017;87.5;Pediatrics;RN IV;108232.7;3.8;MGR-001;Terminated;29/09/2023;Involuntary;NA;323.125;NA;NA;NA;NA;NA;NA;NA;0;1;Sai;10.1;20
130;EMP-0130;Stephen;Foster;Female;45;02/07/2018;76;Nursing;RN IV;113172.9;4.1;MGR-030;Active;NA;NA;15/06/2024;3.7;3.6;3.6;3.7;2.9;3.2;3.8;3.3;0;0;Fica;51.6;99
131;EMP-0131;Christine;Herrera;Male;43;01/01/2017;94;Emergency;RN IV;105537.46;3.7;MGR-045;Active;NA;NA;NA;323.125;NA;NA;NA;NA;NA;NA;NA;0;0;Fica;7;14
132;EMP-0132;Margaret;Henry;Male;28;29/09/2014;121.1;Nursing;RN IV;108320.52;3.1;MGR-032;Active;NA;NA;15/06/2024;3.6;3.0;3.4;3.2;3.1;3.8;3.8;3.9;0;0;Fica;24.2;47
133;EMP-0133;Shirley;Diaz;Male;38;14/05/2016;101.6;Nursing;RN III;92100.92;3.2;MGR-028;Active;NA;NA;15/06/2024;3.3;2.5;2.3;2.7;3.3;2.9;3.8;3.5;0;0;Fica;14.5;47
134;EMP-0134;Brian;Garcia;Male;45;12/05/2020;53.7;Administration;RN III;91467.15;4.3;MGR-021;Active;NA;NA;15/06/2024;4.8;4.5;4.8;4.3;4.0;5.0;4.9;5.0;0;0;Fica;7.6;7
135;EMP-0135;Kathleen;Patel;Female;22;30/10/2023;12.1;Nursing;RN II;77836.87;4.6;MGR-046;Terminated;16/08/2024;Voluntary;15/06/2024;3.5;4.1;5.0;3.8;3.6;3.8;4.2;4.1;0;1;Sai;4.6;-4
136;EMP-0136;Hannah;Medina;Male;43;19/01/2022;33.4;Emergency;RN I;60374.33;4.5;MGR-013;Terminated;16/09/2024;Voluntary;15/06/2024;1;1.0;1.0;1.0;1.0;1.0;1.0;1.0;0;1;Sai;3.2;1
137;EMP-0137;Margaret;Jenkins;Female;31;12/07/2017;87.7;ICU;RN IV;106710.18;3.9;MGR-027;Terminated;15/03/2021;Voluntary;15/06/2024;1;1.0;1.1;1.0;1.3;1.0;1.0;1.0;0;1;Sai;16.5;37
138;EMP-0138;Margaret;Williams;Female;43;20/05/2016;101.4;Pediatrics;RN II;69459.15;3.1;MGR-036;Active;NA;NA;15/06/2024;3.5;2.9;2.8;1.8;2.6;3.7;2.7;2.7;0;0;Fica;15.5;31
139;EMP-0139;Julie;Thompson;Male;30;08/05/2021;41.8;ICU;RN III;88152.18;3.8;MGR-007;Active;NA;NA;15/06/2024;3.8;3.8;3.8;3.8;3.8;3.9;4.0;3.5;0;0;Fica;7.7;11
140;EMP-0140;Carol;Evans;Female;22;07/08/2019;62.8;Nursing;RN II;74827.34;4.7;MGR-022;Active;NA;NA;15/06/2024;4;4.3;3.8;4.3;4.4;4.4;4.2;4.0;0;0;Fica;4;9
141;EMP-0141;Katherine;Chavez;Female;22;09/06/2018;76.8;Nursing;RN III;92435.59;4.2;MGR-010;Active;NA;NA;15/06/2024;2.3;3.1;2.9;3.1;2.2;3.2;3.4;2.7;0;0;Fica;1;7
142;EMP-0142;Sandra;Washington;Male;38;03/12/2023;11;Emergency;RN I;67505.31;3.7;MGR-039;Terminated;09/06/2024;Involuntary;15/06/2024;5;5.0;5.0;4.7;4.2;5.0;5.0;5.0;0;1;Sai;6.3;9
143;EMP-0143;Justin;James;Female;40;18/03/2021;43.5;Nursing;RN III;91610.42;4.2;MGR-015;Active;NA;NA;15/06/2024;4.4;4.2;4.7;2.7;3.6;3.7;4.0;3.4;0;0;Fica;5.5;-8
144;EMP-0144;Megan;Cox;Male;28;23/02/2019;68.3;Emergency;RN III;93897.5;3;MGR-015;Active;NA;NA;NA;323.125;NA;NA;NA;NA;NA;NA;NA;0;0;Fica;19.3;26
145;EMP-0145;Catherine;Barnes;Male;44;09/08/2015;110.8;Nursing;RN III;90100.26;3.4;MGR-004;Active;NA;NA;NA;323.125;NA;NA;NA;NA;NA;NA;NA;0;0;Fica;17;33
146;EMP-0146;Keith;Smith;Male;22;20/12/2016;94.4;Nursing;RN III;92145.66;3.1;MGR-032;Active;NA;NA;15/06/2024;1.7;2.1;1.6;2.2;1.2;2.2;2.0;2.1;0;0;Fica;24.8;53
147;EMP-0147;Walter;Gomez;Female;37;26/07/2015;111.2;Emergency;RN II;68993.05;4.1;MGR-023;Active;NA;NA;15/06/2024;3.4;3.0;3.4;3.1;3.0;2.7;3.8;4.0;0;0;Fica;33;61
148;EMP-0148;Anthony;Brown;Female;25;07/10/2016;96.8;Nursing;RN III;86070.27;4.2;MGR-006;Active;NA;NA;NA;323.125;NA;NA;NA;NA;NA;NA;NA;0;0;Fica;2.4;11
149;EMP-0149;Walter;Vasquez;Male;31;10/05/2022;29.8;ICU;RN I;61618.53;3.7;MGR-024;Active;NA;NA;15/06/2024;4.3;4.0;3.4;4.1;4.1;5.0;4.9;4.0;0;0;Fica;35.8;80
150;EMP-0150;Kelly;Young;Male;38;18/04/2020;54.5;ICU;RN III;89559.89;3.3;MGR-020;Active;NA;NA;NA;323.125;NA;NA;NA;NA;NA;NA;NA;0;0;Fica;2.2;13
151;EMP-0151;John;King;Female;29;17/01/2020;57.5;Pediatrics;RN III;82730.38;3.8;MGR-037;Active;NA;NA;15/06/2024;3.7;3.6;3.4;3.2;3.6;3.7;3.7;4.0;0;0;Fica;3.9;-2
152;EMP-0152;Aaron;Alvarez;Male;34;12/12/2016;94.6;Nursing;RN III;84240.39;3.5;MGR-020;Active;NA;NA;15/06/2024;3.1;2.9;4.0;3.1;2.6;3.1;3.7;3.4;0;0;Fica;10.2;21
153;EMP-0153;Bryan;Patel;Male;48;18/05/2022;29.5;Nursing;RN I;60768.14;3.3;MGR-012;Active;NA;NA;15/06/2024;3.3;2.8;3.1;3.2;3.9;2.8;3.6;3.4;0;0;Fica;36.2;73
154;EMP-0154;Gerald;Bailey;Female;32;22/07/2020;51.3;Nursing;RN II;81601.46;4;MGR-033;Active;NA;NA;NA;323.125;NA;NA;NA;NA;NA;NA;NA;0;0;Fica;19.4;24
155;EMP-0155;Kathleen;Hill;Female;46;21/10/2018;72.4;ICU;RN IV;103632.9;3.3;MGR-028;Active;NA;NA;15/06/2024;3;2.7;3.0;2.4;2.7;2.5;3.4;2.5;0;0;Fica;41.4;101
156;EMP-0156;Ronald;Alexander;Male;26;18/07/2020;51.5;Pediatrics;RN II;74748.57;2.9;MGR-008;Active;NA;NA;NA;323.125;NA;NA;NA;NA;NA;NA;NA;0;0;Fica;11.5;16
157;EMP-0157;Kathryn;Williams;Female;43;24/06/2018;76.3;Nursing;RN II;70745.37;3;MGR-001;Terminated;31/03/2019;Involuntary;15/06/2024;2.4;3.0;3.2;2.6;1.8;3.5;2.8;2.9;0;1;Sai;6.2;-7
158;EMP-0158;Ryan;Wallace;Female;52;22/01/2018;81.3;Administration;RN II;76550.92;2.8;MGR-037;Terminated;13/12/2019;Voluntary;NA;323.125;NA;NA;NA;NA;NA;NA;NA;0;1;Sai;10.1;7
159;EMP-0159;Christina;Roberts;Male;22;17/06/2016;100.5;Nursing;RN IV;102771.61;3.9;MGR-022;Active;NA;NA;15/06/2024;3.8;3.9;4.0;3.8;3.2;4.4;3.7;3.6;0;0;Fica;30.1;57
160;EMP-0160;Alice;Lopez;Female;30;21/07/2015;111.4;Emergency;RN IV;101518.87;3.9;MGR-006;Active;NA;NA;15/06/2024;4.5;4.6;5.0;4.1;5.0;4.4;4.7;5.0;0;0;Fica;19.1;38
161;EMP-0161;Janet;Turner;Male;43;19/09/2019;61.4;Pediatrics;RN II;75232.02;3.9;MGR-021;Active;NA;NA;NA;323.125;NA;NA;NA;NA;NA;NA;NA;0;0;Fica;14.3;26
162;EMP-0162;Douglas;Medina;Female;35;15/07/2019;63.6;Surgery;RN II;68077.08;4.2;MGR-032;Active;NA;NA;NA;323.125;NA;NA;NA;NA;NA;NA;NA;0;0;Fica;11.7;4
163;EMP-0163;Kathleen;Cruz;Female;41;08/01/2015;117.8;Pediatrics;RN III;82122.62;4.5;MGR-035;Active;NA;NA;15/06/2024;3.2;2.3;2.7;2.6;3.5;2.4;2.3;3.1;0;0;Fica;28.6;55
164;EMP-0164;Stephanie;Washington;Female;31;23/06/2022;28.3;Pediatrics;RN II;71066.96;3.4;MGR-015;Active;NA;NA;15/06/2024;3.5;3.0;3.0;2.4;2.7;3.0;3.3;2.3;0;0;Fica;2;16
165;EMP-0165;Elizabeth;Fisher;Male;38;12/07/2014;123.7;Nursing;RN III;82587.54;4;MGR-005;Active;NA;NA;15/06/2024;3.4;4.3;3.1;3.9;3.7;4.1;3.7;3.5;0;0;Fica;13.4;14
166;EMP-0166;Joshua;Campbell;Female;36;29/08/2023;14.1;Pediatrics;RN I;59080.26;2.9;MGR-046;Active;NA;NA;15/06/2024;3.2;3.6;4.4;4.5;3.7;3.5;3.8;3.8;0;0;Fica;3.4;5
167;EMP-0167;Cheryl;Freeman;Male;49;26/03/2015;115.2;Nursing;RN II;72744.05;4.6;MGR-050;Active;NA;NA;15/06/2024;2;2.6;3.0;2.3;2.7;2.2;2.9;2.9;0;0;Fica;20;36
168;EMP-0168;Christian;James;Male;40;19/09/2015;109.4;Surgery;RN II;79236.2;3.1;MGR-048;Active;NA;NA;15/06/2024;3.5;2.7;2.7;2.3;2.8;2.9;2.8;2.5;0;0;Fica;6.2;29
169;EMP-0169;Douglas;Fernandez;Male;41;14/01/2021;45.6;Emergency;RN III;91152.78;3.4;MGR-006;Active;NA;NA;NA;323.125;NA;NA;NA;NA;NA;NA;NA;0;0;Fica;9.6;22
170;EMP-0170;Tyler;Rogers;Female;33;18/10/2015;108.5;Pediatrics;RN IV;106715.35;3.4;MGR-025;Active;NA;NA;15/06/2024;4.7;5.0;5.0;4.5;3.8;4.6;4.6;4.4;0;0;Fica;14.5;40
171;EMP-0171;Douglas;Howard;Female;33;19/11/2022;23.4;Emergency;RN I;60934.89;2.9;MGR-046;Terminated;04/08/2024;Involuntary;NA;323.125;NA;NA;NA;NA;NA;NA;NA;0;1;Sai;28;62
172;EMP-0172;Benjamin;Perry;Male;33;19/08/2021;38.4;ICU;RN II;81044.55;3.8;MGR-040;Active;NA;NA;15/06/2024;4.8;5.0;5.0;4.6;4.0;5.0;5.0;5.0;0;0;Fica;8.8;29
173;EMP-0173;Douglas;Nguyen;Female;41;26/09/2018;73.2;Emergency;RN II;73558.21;3.9;MGR-029;Active;NA;NA;15/06/2024;3.1;3.8;3.0;3.0;2.9;3.0;3.4;3.1;0;0;Fica;9.4;9
174;EMP-0174;Mary;Roberts;Male;33;08/09/2020;49.8;Pediatrics;RN III;83393.48;3.7;MGR-007;Active;NA;NA;NA;323.125;NA;NA;NA;NA;NA;NA;NA;0;0;Fica;18.3;39
175;EMP-0175;Cheryl;Ross;Female;40;18/09/2014;121.5;Nursing;RN III;91873.06;2.9;MGR-040;Active;NA;NA;15/06/2024;4.7;4.4;4.9;4.8;4.4;5.0;4.7;4.6;0;0;Fica;15.4;26
176;EMP-0176;Rebecca;Brooks;Male;58;26/04/2018;78.2;Nursing;RN IV;99935.25;5;MGR-013;Terminated;22/12/2020;Voluntary;15/06/2024;1;1.0;1.5;1.1;1.0;1.0;1.0;1.4;0;1;Sai;6.4;-1
177;EMP-0177;Gregory;Robinson;Female;46;13/04/2018;78.6;Nursing;RN III;87523.57;4.1;MGR-038;Active;NA;NA;15/06/2024;2.9;3.5;2.5;2.6;3.0;3.0;3.2;2.5;0;0;Fica;21.9;44
178;EMP-0178;Keith;Ward;Male;34;06/09/2020;49.8;Nursing;RN II;75103.77;5;MGR-018;Active;NA;NA;15/06/2024;1.4;2.0;1.8;2.2;1.2;1.7;1.8;1.5;0;0;Fica;22.1;45
179;EMP-0179;Arthur;Price;Female;50;02/04/2019;67;Surgery;RN II;80239.12;3.3;MGR-002;Active;NA;NA;15/06/2024;3.5;4.4;4.2;3.5;3.1;4.2;4.7;3.9;0;0;Fica;25;64
180;EMP-0180;Judith;Phillips;Male;33;08/12/2019;58.8;Nursing;RN II;74909.65;4.4;MGR-008;Terminated;02/04/2021;Involuntary;15/06/2024;4;4.2;4.8;4.3;3.7;3.7;4.6;3.5;0;1;Sai;14.5;23
181;EMP-0181;Cheryl;Ward;Male;22;26/10/2016;96.2;Administration;RN III;93236.14;4.3;MGR-011;Active;NA;NA;15/06/2024;2.6;3.7;3.6;2.8;3.2;2.9;3.3;2.9;0;0;Fica;9.3;26
182;EMP-0182;Timothy;Robinson;Male;27;16/03/2020;55.6;Nursing;RN III;97885.07;3.6;MGR-033;Terminated;30/05/2021;Voluntary;15/06/2024;1.1;1.3;1.0;1.0;1.6;1.0;1.4;1.5;0;1;Sai;2.3;8
183;EMP-0183;Alice;Bell;Female;22;27/08/2023;14.2;Nursing;RN II;69840.85;4.6;MGR-038;Active;NA;NA;15/06/2024;4;3.7;3.2;4.0;3.0;3.9;4.0;3.6;0;0;Fica;5.2;13
184;EMP-0184;Alice;Gomez;Female;34;17/02/2014;128.4;Pediatrics;RN III;86395.7;3.6;MGR-048;Terminated;15/03/2019;Voluntary;NA;323.125;NA;NA;NA;NA;NA;NA;NA;0;1;Sai;18.1;50
185;EMP-0185;Angela;Watson;Male;38;18/08/2021;38.5;ICU;RN II;73524.07;3.6;MGR-027;Active;NA;NA;15/06/2024;1.5;1.8;2.4;2.0;1.4;2.6;2.1;2.2;0;0;Fica;8;11
186;EMP-0186;Ethan;Medina;Female;54;31/01/2022;33;Emergency;RN II;73905.59;1.7;MGR-020;Active;NA;NA;15/06/2024;4;3.7;4.3;3.6;3.3;4.0;3.8;3.1;0;0;Fica;13;39
187;EMP-0187;Austin;Lewis;Female;41;15/04/2015;114.6;ICU;RN IV;104987.36;4;MGR-012;Terminated;07/11/2023;Involuntary;NA;323.125;NA;NA;NA;NA;NA;NA;NA;0;1;Sai;8.8;14
188;EMP-0188;Donna;Tran;Female;35;24/08/2021;38.3;Pediatrics;RN II;80706.55;3;MGR-043;Active;NA;NA;15/06/2024;2.6;3.0;2.5;2.2;3.2;3.1;3.6;3.1;0;0;Fica;3.8;2
189;EMP-0189;Lisa;Castro;Female;46;04/12/2023;10.9;Nursing;RN I;65140.33;3.5;MGR-031;Active;NA;NA;15/06/2024;4;3.3;3.1;3.5;3.9;2.9;3.6;3.1;0;0;Fica;5.7;-5
190;EMP-0190;Jonathan;Washington;Male;22;09/01/2020;57.8;Administration;RN III;91726.48;3.2;MGR-027;Terminated;14/08/2021;Voluntary;15/06/2024;2.1;1.2;1.9;1.4;1.7;1.6;2.2;1.3;0;1;Sai;5.6;15
191;EMP-0191;Kelly;Kelly;Male;40;03/06/2022;29;Administration;RN II;72331.22;3.6;MGR-032;Active;NA;NA;15/06/2024;2.7;2.7;3.4;2.8;2.0;2.8;3.3;2.8;0;0;Fica;21.4;47
192;EMP-0192;Ruth;Taylor;Female;45;28/12/2016;94.1;ICU;RN III;95180.65;4.1;MGR-010;Active;NA;NA;15/06/2024;2.6;2.6;3.5;2.7;2.4;2.9;2.7;2.4;0;0;Fica;1.3;-12
193;EMP-0193;Carl;Wood;Female;23;15/08/2022;26.6;Nursing;RN II;81370.85;3.8;MGR-003;Active;NA;NA;15/06/2024;2.9;3.1;2.3;3.3;3.4;2.8;3.2;3.5;0;0;Fica;19.3;44
194;EMP-0194;Ann;Morgan;Female;49;10/03/2021;43.8;ICU;RN III;95139.17;4.2;MGR-045;Active;NA;NA;15/06/2024;2.8;2.2;3.1;2.4;2.8;2.4;3.4;3.2;0;0;Fica;12.3;16
195;EMP-0195;Dennis;King;Male;41;25/10/2017;84.2;Nursing;RN III;82025.04;4.6;MGR-027;Active;NA;NA;15/06/2024;4.2;3.5;3.3;3.5;4.3;3.4;3.2;3.7;0;0;Fica;9.6;22
196;EMP-0196;Evelyn;Garcia;Male;33;02/04/2015;115;Nursing;RN II;76909.62;3.6;MGR-035;Terminated;01/03/2024;Involuntary;15/06/2024;5;4.7;5.0;5.0;4.7;5.0;5.0;5.0;0;1;Sai;18.5;22
197;EMP-0197;Helen;Evans;Female;44;17/04/2017;90.5;Nursing;RN III;82818.17;3.5;MGR-031;Active;NA;NA;15/06/2024;2.1;3.1;3.3;2.4;2.0;2.5;2.7;2.1;0;0;Fica;22;36
198;EMP-0198;Frank;Cole;Female;60;16/11/2018;71.5;Emergency;RN III;86121.72;4.4;MGR-015;Active;NA;NA;15/06/2024;2.5;2.9;3.5;3.5;2.7;3.0;2.9;2.6;0;0;Fica;8.6;4
199;EMP-0199;John;Nelson;Female;39;10/10/2015;108.7;Surgery;RN III;82952.4;4.4;MGR-016;Active;NA;NA;NA;323.125;NA;NA;NA;NA;NA;NA;NA;0;0;Fica;5.8;1
200;EMP-0200;Madison;Romero;Female;40;02/02/2019;69;Pediatrics;RN II;76453.14;4.2;MGR-013;Active;NA;NA;15/06/2024;5;5.0;5.0;5.0;5.0;5.0;5.0;5.0;0;0;Fica;13.3;21
201;EMP-0201;Arthur;Gonzales;Female;33;14/01/2014;129.6;Pediatrics;RN III;92985.44;3.2;MGR-049;Active;NA;NA;NA;323.125;NA;NA;NA;NA;NA;NA;NA;0;0;Fica;7.2;13
202;EMP-0202;Rachel;Freeman;Male;29;05/02/2022;32.9;Emergency;RN II;69602.83;4.1;MGR-035;Active;NA;NA;15/06/2024;3;3.3;3.3;3.6;2.6;3.8;3.5;2.8;0;0;Fica;36.2;49
203;EMP-0203;Arthur;Richardson;Male;46;28/10/2023;12.2;Nursing;RN II;73373.74;3.9;MGR-011;Active;NA;NA;15/06/2024;2.5;2.7;3.6;3.4;2.0;2.9;3.8;2.9;0;0;Fica;15.4;40
204;EMP-0204;Madison;Patel;Female;29;26/01/2022;33.2;Emergency;RN II;74387.31;4.4;MGR-021;Active;NA;NA;15/06/2024;3.6;3.4;4.2;3.4;3.4;3.6;3.4;3.1;0;0;Fica;23.8;48
205;EMP-0205;Janet;Alexander;Female;38;14/12/2016;94.6;Administration;RN III;87904.85;3.5;MGR-011;Active;NA;NA;15/06/2024;4.5;5.0;4.8;5.0;4.1;4.6;5.0;4.6;0;0;Fica;9.7;8
206;EMP-0206;Stephanie;Woods;Male;33;13/08/2019;62.6;Nursing;RN II;69694.35;2.8;MGR-030;Active;NA;NA;NA;323.125;NA;NA;NA;NA;NA;NA;NA;0;0;Fica;33;62
207;EMP-0207;Megan;Davis;Male;42;18/07/2022;27.5;Surgery;RN I;62189.48;4.2;MGR-048;Active;NA;NA;15/06/2024;1.9;2.0;1.6;2.4;1.3;2.4;1.9;2.4;0;0;Fica;13.9;20
208;EMP-0208;Joshua;Tran;Female;41;02/01/2016;106;ICU;RN IV;110770.03;2.3;MGR-035;Active;NA;NA;15/06/2024;2.4;3.2;2.5;2.9;2.3;2.4;2.6;2.4;0;0;Fica;45.6;77
209;EMP-0209;Samantha;Russell;Male;48;11/09/2019;61.7;Emergency;RN III;83136.12;3.4;MGR-022;Terminated;30/11/2023;Voluntary;15/06/2024;1.3;1.0;2.1;1.0;1.5;1.2;1.6;1.1;0;1;Sai;7.7;9
210;EMP-0210;Diane;Tran;Male;32;12/03/2015;115.7;Pediatrics;RN III;83282.88;3.2;MGR-038;Active;NA;NA;15/06/2024;4.1;4.3;4.3;4.0;3.5;4.5;3.9;4.1;0;0;Fica;28.1;58
211;EMP-0211;Keith;Harris;Female;35;06/10/2023;12.9;Emergency;RN II;72966.8;3.2;MGR-031;Terminated;22/09/2024;Voluntary;15/06/2024;2.6;1.7;1.9;1.8;1.8;2.1;2.3;2.0;0;1;Sai;22.6;44
212;EMP-0212;David;Myers;Female;28;05/01/2021;45.9;Surgery;RN III;97067.61;3.4;MGR-014;Terminated;07/09/2022;Voluntary;15/06/2024;3.2;2.6;2.6;3.1;1.9;3.3;3.1;2.2;0;1;Sai;4.6;14
213;EMP-0213;Jesse;Castillo;Female;33;07/05/2017;89.8;Surgery;RN IV;109365.73;4.5;MGR-024;Active;NA;NA;15/06/2024;3.1;3.8;2.1;3.0;2.6;3.1;3.0;2.8;0;0;Fica;0.6;1
214;EMP-0214;Jordan;Stewart;Male;41;10/06/2023;16.8;Emergency;RN II;77501.38;4.3;MGR-050;Active;NA;NA;15/06/2024;5;4.5;3.5;4.7;5.0;4.7;4.4;4.4;0;0;Fica;11.5;38
215;EMP-0215;Dorothy;Griffin;Female;45;02/03/2021;44;Nursing;RN II;73066.88;3.6;MGR-049;Active;NA;NA;15/06/2024;3;4.2;3.8;2.5;3.1;3.8;3.0;3.1;0;0;Fica;17.3;25
216;EMP-0216;Jerry;Gomez;Male;28;11/09/2019;61.7;ICU;RN III;91498.57;4.5;MGR-032;Active;NA;NA;15/06/2024;2.6;2.8;2.5;2.7;1.9;3.1;2.9;3.2;0;0;Fica;6.1;24
217;EMP-0217;Michael;Wells;Male;46;30/10/2020;48.1;Surgery;RN II;68141.84;3.2;MGR-036;Terminated;28/04/2022;Voluntary;NA;323.125;NA;NA;NA;NA;NA;NA;NA;0;1;Sai;3.7;-10
218;EMP-0218;Ann;Lee;Female;51;25/03/2016;103.3;Nursing;RN IV;108813.63;3.1;MGR-032;Active;NA;NA;15/06/2024;3.5;3.8;3.9;3.2;2.9;2.6;3.1;3.9;0;0;Fica;29.5;62
219;EMP-0219;Rachel;Jones;Female;42;19/09/2015;109.4;ICU;RN IV;113525.88;4.3;MGR-015;Terminated;04/05/2018;Voluntary;15/06/2024;2.9;3.0;2.3;2.9;2.4;3.1;2.9;1.9;0;1;Sai;16.6;37
220;EMP-0220;Victoria;Alvarez;Female;56;12/03/2018;79.7;ICU;RN IV;108413.75;4.1;MGR-043;Active;NA;NA;15/06/2024;3.9;3.6;4.1;3.7;2.9;3.1;3.4;2.6;0;0;Fica;8.9;15
221;EMP-0221;Cynthia;Stewart;Female;30;21/07/2022;27.4;Pediatrics;RN II;80231.78;3.5;MGR-035;Terminated;21/12/2023;Voluntary;NA;323.125;NA;NA;NA;NA;NA;NA;NA;0;1;Sai;40.6;67
222;EMP-0222;Douglas;Perez;Female;25;24/10/2015;108.3;Nursing;RN II;78135.62;3.1;MGR-003;Active;NA;NA;15/06/2024;3.6;4.3;4.2;3.7;3.8;3.7;3.9;3.6;0;0;Fica;6.4;20
223;EMP-0223;Mary;Henry;Male;22;19/01/2020;57.4;Pediatrics;RN III;83928.93;4.7;MGR-016;Active;NA;NA;15/06/2024;4;4.6;5.0;4.2;3.7;4.7;5.0;4.8;0;0;Fica;7.8;22
224;EMP-0224;Keith;Cooper;Male;52;25/09/2022;25.2;Surgery;RN II;80634.35;2.8;MGR-005;Active;NA;NA;15/06/2024;5;4.8;5.0;5.0;4.5;5.0;5.0;4.5;0;0;Fica;15.1;34
225;EMP-0225;Melissa;Smith;Male;44;13/12/2019;58.6;Nursing;RN III;83063.1;3.4;MGR-021;Active;NA;NA;NA;323.125;NA;NA;NA;NA;NA;NA;NA;0;0;Fica;12.9;21
226;EMP-0226;Gloria;Medina;Male;37;03/01/2014;129.9;Nursing;RN II;75475.54;3.9;MGR-010;Active;NA;NA;15/06/2024;3.9;3.5;4.1;4.3;3.5;3.2;3.8;3.0;0;0;Fica;5.3;-4
227;EMP-0227;Andrew;Lopez;Female;40;19/09/2020;49.4;Administration;RN II;69989.92;4.9;MGR-019;Terminated;09/11/2021;Voluntary;15/06/2024;2;2.9;2.6;2.9;2.3;2.2;2.6;2.7;0;1;Sai;13;20
228;EMP-0228;Alice;Hughes;Male;26;20/08/2017;86.4;Nursing;RN II;68163.89;4;MGR-025;Active;NA;NA;NA;323.125;NA;NA;NA;NA;NA;NA;NA;0;0;Fica;31.1;66
229;EMP-0229;William;Rivera;Female;62;25/06/2019;64.3;Surgery;RN III;88752.55;4.1;MGR-004;Active;NA;NA;15/06/2024;3.5;2.4;2.2;3.1;3.0;3.5;3.4;3.3;0;0;Fica;20.6;55
230;EMP-0230;Jerry;King;Female;39;21/03/2014;127.4;Emergency;RN IV;103015.69;3.5;MGR-029;Active;NA;NA;15/06/2024;4.3;3.7;3.6;3.4;2.6;3.5;3.5;4.0;0;0;Fica;12.8;37
231;EMP-0231;Arthur;Cox;Female;39;04/04/2015;114.9;Nursing;RN III;89776.01;4.1;MGR-019;Active;NA;NA;15/06/2024;3.2;3.5;2.3;3.9;2.3;2.5;3.4;2.8;0;0;Fica;10.6;22
232;EMP-0232;Melissa;Hall;Female;45;26/01/2018;81.2;Surgery;RN III;91235.2;3.9;MGR-043;Active;NA;NA;15/06/2024;2.7;1.6;3.1;2.7;2.2;2.7;2.8;2.3;0;0;Fica;14.9;10
233;EMP-0233;Christian;Reed;Female;42;09/11/2023;11.8;Emergency;RN I;58437.39;2.8;MGR-002;Active;NA;NA;15/06/2024;3.1;3.1;3.2;2.3;2.2;2.1;3.2;3.1;0;0;Fica;11;19
234;EMP-0234;Madison;Sanchez;Female;40;30/04/2023;18.1;Emergency;RN II;69722.05;4.3;MGR-010;Active;NA;NA;15/06/2024;3.6;3.5;3.6;3.2;2.6;2.9;3.5;3.3;0;0;Fica;30.2;70
235;EMP-0235;Kathryn;Campbell;Male;30;18/01/2023;21.5;Emergency;RN II;75820.99;4.4;MGR-043;Active;NA;NA;15/06/2024;4;3.2;4.1;3.5;4.2;3.4;4.8;2.7;0;0;Fica;1.5;-16
236;EMP-0236;Rebecca;Reynolds;Female;42;13/06/2017;88.6;ICU;RN III;87490.68;4.3;MGR-025;Terminated;04/03/2020;Involuntary;15/06/2024;3.3;3.4;3.0;3.8;2.9;3.3;3.8;2.8;0;1;Sai;22.5;46
237;EMP-0237;Lauren;Parker;Male;56;07/09/2016;97.8;Nursing;RN III;93666.78;3.8;MGR-020;Active;NA;NA;15/06/2024;2.8;2.0;2.4;2.5;2.9;2.6;2.7;2.0;0;0;Fica;2.5;24
238;EMP-0238;Kathryn;Sanders;Male;51;26/08/2014;122.2;Emergency;RN III;92436.67;3.2;MGR-048;Active;NA;NA;15/06/2024;4;4.3;3.2;3.4;3.4;3.2;4.0;3.4;0;0;Fica;21.3;40
239;EMP-0239;Kelly;Coleman;Female;53;13/09/2016;97.6;Administration;RN III;95529.67;2.4;MGR-019;Active;NA;NA;15/06/2024;4;4.3;4.3;4.4;4.6;4.0;4.3;3.8;0;0;Fica;21.1;37
240;EMP-0240;Justin;Morales;Male;32;06/11/2023;11.9;Nursing;RN I;64924.93;3.9;MGR-023;Active;NA;NA;15/06/2024;2.1;2.6;2.3;3.0;2.8;3.3;2.6;2.5;0;0;Fica;19.9;47
241;EMP-0241;Douglas;Mitchell;Female;28;12/05/2020;53.7;ICU;RN III;88878.9;4.4;MGR-024;Terminated;16/08/2024;Voluntary;15/06/2024;2.4;2.4;2.8;2.5;2.0;1.8;2.2;2.0;0;1;Sai;24.9;43
242;EMP-0242;Diane;Stewart;Female;36;19/11/2014;119.4;Nursing;RN III;92767.47;4.4;MGR-011;Active;NA;NA;NA;323.125;NA;NA;NA;NA;NA;NA;NA;0;0;Fica;7.9;9
243;EMP-0243;Katherine;Watson;Female;38;17/12/2014;118.5;Pediatrics;RN IV;102681.48;4.3;MGR-046;Active;NA;NA;15/06/2024;3.6;3.6;4.4;2.9;2.4;2.8;4.1;3.2;0;0;Fica;5.7;16
244;EMP-0244;Victoria;Sanchez;Male;48;17/03/2022;31.5;Nursing;RN II;72288.39;3.8;MGR-034;Active;NA;NA;15/06/2024;2.4;2.0;2.0;2.4;2.2;2.7;2.2;2.4;0;0;Fica;9.4;25
245;EMP-0245;Jerry;Scott;Male;22;14/06/2019;64.6;Administration;RN III;94623.76;4.5;MGR-028;Active;NA;NA;15/06/2024;4;4.6;3.7;4.0;4.3;3.8;4.5;4.6;0;0;Fica;14.3;31
246;EMP-0246;Dylan;Smith;Female;53;25/02/2023;20.2;Emergency;RN I;62464.2;4.4;MGR-005;Active;NA;NA;15/06/2024;3.4;3.5;3.6;3.1;3.3;3.3;3.8;3.0;0;0;Fica;10.9;10
247;EMP-0247;Frank;Davis;Male;36;11/10/2014;120.7;Nursing;RN III;94774.09;3.5;MGR-005;Active;NA;NA;15/06/2024;2.4;1.8;1.5;1.3;1.8;1.8;1.7;1.9;0;0;Fica;19;34
248;EMP-0248;Sara;Vasquez;Female;33;13/07/2022;27.7;Nursing;RN I;66224.22;4.2;MGR-021;Active;NA;NA;15/06/2024;2.8;3.3;3.0;1.7;2.5;2.8;2.5;2.5;0;0;Fica;3.5;25
249;EMP-0249;Megan;Foster;Female;27;22/12/2019;58.3;Nursing;RN II;80005.87;3.5;MGR-012;Active;NA;NA;15/06/2024;4.8;5.0;4.2;4.8;4.3;4.4;5.0;5.0;0;0;Fica;35;69
250;EMP-0250;Joyce;Campbell;Female;22;03/08/2022;27;Emergency;RN II;80832.89;4.1;MGR-050;Active;NA;NA;15/06/2024;4.4;4.2;3.7;4.2;3.9;5.0;5.0;3.8;0;0;Fica;2.7;18
251;EMP-0251;Samantha;Hayes;Male;46;31/05/2015;113.1;Nursing;RN IV;105326.75;3;MGR-004;Terminated;04/11/2019;Involuntary;15/06/2024;1.3;1.2;1.5;1.3;1.8;2.5;2.0;1.2;0;1;Sai;4.1;13
252;EMP-0252;Rebecca;Parker;Male;38;10/06/2015;112.7;Surgery;RN II;72464.14;3.1;MGR-049;Active;NA;NA;15/06/2024;4.2;4.0;3.7;4.0;3.2;4.2;4.9;4.2;0;0;Fica;12.9;27
253;EMP-0253;Angela;Wilson;Female;25;26/05/2021;41.2;Emergency;RN II;76150.78;4.4;MGR-042;Active;NA;NA;NA;323.125;NA;NA;NA;NA;NA;NA;NA;0;0;Fica;26.7;62
254;EMP-0254;Steven;Ramirez;Male;25;01/05/2019;66.1;Nursing;RN III;87938.76;4.4;MGR-020;Active;NA;NA;15/06/2024;3.3;3.7;3.3;2.4;3.1;3.2;3.9;3.7;0;0;Fica;13.4;13
255;EMP-0255;Teresa;Cox;Male;34;01/03/2020;56;ICU;RN II;76415.04;4.2;MGR-038;Active;NA;NA;15/06/2024;2;1.9;2.5;1.0;2.1;1.4;2.2;1.5;0;0;Fica;5;2
256;EMP-0256;Christopher;Gibson;Female;54;08/11/2015;107.8;Pediatrics;RN III;93289.37;3.9;MGR-025;Active;NA;NA;15/06/2024;3.9;4.1;4.3;3.7;3.4;4.5;4.4;3.0;0;0;Fica;34.4;65
257;EMP-0257;Melissa;Henderson;Female;35;21/12/2016;94.3;Nursing;RN IV;109702.89;2.4;MGR-014;Active;NA;NA;15/06/2024;2.7;2.5;2.5;1.9;1.7;1.4;2.5;2.9;0;0;Fica;30.6;83
258;EMP-0258;Madison;Wilson;Female;22;02/12/2019;59;Nursing;RN III;87992.85;3.8;MGR-011;Active;NA;NA;NA;323.125;NA;NA;NA;NA;NA;NA;NA;0;0;Fica;6.1;26
259;EMP-0259;Megan;Parker;Female;35;14/10/2023;12.6;Nursing;RN I;59668.6;4.1;MGR-032;Terminated;21/06/2024;Voluntary;15/06/2024;1.1;2.1;1.5;1.0;1.0;1.8;1.6;1.0;0;1;Sai;5.5;20
260;EMP-0260;Jacqueline;Romero;Male;35;20/10/2020;48.4;Pediatrics;RN II;74027.41;3.5;MGR-011;Active;NA;NA;15/06/2024;3.2;3.2;3.9;2.7;2.7;2.9;3.0;3.2;0;0;Fica;24.3;33
261;EMP-0261;Noah;Miller;Female;22;30/09/2018;73.1;ICU;RN IV;100424.1;3.4;MGR-018;Active;NA;NA;NA;323.125;NA;NA;NA;NA;NA;NA;NA;0;0;Fica;6.5;-2
262;EMP-0262;Austin;Williams;Female;37;17/05/2016;101.5;Emergency;RN III;96241.55;4.7;MGR-027;Active;NA;NA;15/06/2024;3.1;3.2;4.1;3.5;3.1;3.8;3.9;4.3;0;0;Fica;22.4;44
263;EMP-0263;Megan;Gonzales;Male;35;18/01/2020;57.5;Surgery;RN II;72842.28;3.8;MGR-018;Active;NA;NA;15/06/2024;4.5;3.9;5.0;4.6;4.7;4.2;4.9;4.6;0;0;Fica;14;27
264;EMP-0264;Steven;Freeman;Female;44;21/06/2022;28.4;Pediatrics;RN II;70162.44;4.1;MGR-023;Active;NA;NA;NA;323.125;NA;NA;NA;NA;NA;NA;NA;0;0;Fica;14.9;23
265;EMP-0265;Zachary;Coleman;Female;56;09/03/2022;31.8;ICU;RN I;58254.48;4.3;MGR-011;Active;NA;NA;NA;323.125;NA;NA;NA;NA;NA;NA;NA;0;0;Fica;22.4;63
266;EMP-0266;Kyle;Moore;Female;49;26/09/2021;37.2;Surgery;RN III;92333.16;3.2;MGR-021;Active;NA;NA;15/06/2024;3.3;3.4;3.2;3.7;1.9;3.1;3.3;3.3;0;0;Fica;8.8;17
267;EMP-0267;Nancy;Nguyen;Female;35;03/04/2016;103;Nursing;RN III;92190.44;3.9;MGR-044;Active;NA;NA;15/06/2024;3.9;3.4;3.2;3.2;2.9;3.8;3.3;2.9;0;0;Fica;14.5;28
268;EMP-0268;Abigail;Romero;Female;26;30/12/2021;34.1;Nursing;RN II;72768.46;4.6;MGR-005;Active;NA;NA;15/06/2024;3.2;3.2;2.9;3.2;3.0;4.3;3.9;3.7;0;0;Fica;8.5;21
269;EMP-0269;Donna;Anderson;Male;63;30/06/2017;88.1;Nursing;RN III;83147.39;4.9;MGR-023;Active;NA;NA;15/06/2024;4;3.6;4.4;3.2;3.8;3.0;4.2;3.3;0;0;Fica;24.2;60
270;EMP-0270;Henry;Hamilton;Male;38;23/06/2018;76.3;Nursing;RN III;88554.06;3.8;MGR-041;Active;NA;NA;15/06/2024;2.6;2.6;3.2;2.3;2.6;2.6;2.7;2.5;0;0;Fica;14.5;13
271;EMP-0271;Ronald;Ramirez;Female;38;14/07/2021;39.6;Emergency;RN II;72357.04;3.7;MGR-025;Active;NA;NA;15/06/2024;4.5;4.3;5.0;4.5;4.7;4.6;4.1;5.0;0;0;Fica;26.6;51
272;EMP-0272;Linda;Hill;Female;37;15/04/2021;42.6;Administration;RN II;77479.69;4;MGR-041;Active;NA;NA;15/06/2024;2.1;1.7;1.8;2.0;2.1;2.4;1.7;2.4;0;0;Fica;8.2;24
273;EMP-0273;Anthony;Taylor;Female;39;10/03/2018;79.8;Nursing;RN IV;108298.25;3.9;MGR-010;Active;NA;NA;15/06/2024;1.9;2.0;1.9;2.6;2.6;1.7;1.6;1.8;0;0;Fica;35.6;67
274;EMP-0274;Anthony;Bennett;Female;36;30/11/2018;71.1;Nursing;RN III;87833.5;4.6;MGR-022;Active;NA;NA;15/06/2024;4.5;4.7;4.7;4.9;3.3;4.6;5.0;4.4;0;0;Fica;54.8;104
275;EMP-0275;Christopher;Cole;Female;32;21/10/2019;60.4;Emergency;RN II;71050.5;3.2;MGR-019;Active;NA;NA;15/06/2024;4.8;5.0;5.0;4.9;4.2;5.0;5.0;4.6;0;0;Fica;41;90
276;EMP-0276;Sandra;Baker;Female;32;24/01/2019;69.3;Administration;RN II;81832.5;3.6;MGR-001;Active;NA;NA;15/06/2024;3.2;3.8;4.2;4.0;3.2;4.6;3.2;3.6;0;0;Fica;3.1;7
277;EMP-0277;Dennis;Harris;Female;37;11/05/2015;113.7;Nursing;RN IV;105718.03;3.1;MGR-007;Active;NA;NA;15/06/2024;4.7;4.9;4.5;4.1;4.4;4.7;4.4;4.8;0;0;Fica;44.5;90
278;EMP-0278;Margaret;Washington;Female;32;12/10/2016;96.6;Emergency;RN IV;109700.66;3.2;MGR-004;Active;NA;NA;15/06/2024;3.4;3.6;3.7;3.2;3.3;3.2;4.0;3.1;0;0;Fica;3.5;4
279;EMP-0279;Nathan;Gonzalez;Female;30;09/07/2016;99.8;Nursing;RN III;84248.85;4;MGR-001;Active;NA;NA;15/06/2024;3;3.6;3.4;3.2;3.3;3.3;4.1;4.0;0;0;Fica;15.6;33
280;EMP-0280;Jacob;Harris;Female;39;20/09/2014;121.4;Nursing;RN III;89769.44;4.3;MGR-015;Terminated;30/11/2022;Voluntary;15/06/2024;1.1;1.0;1.0;1.1;1.2;1.0;1.1;1.0;0;1;Sai;28;37
281;EMP-0281;Melissa;Ortiz;Female;35;16/10/2017;84.5;Administration;RN III;82440.59;3.4;MGR-040;Active;NA;NA;15/06/2024;2.3;2.0;2.4;1.6;1.9;2.1;2.3;1.9;0;0;Fica;38.3;69
282;EMP-0282;Arthur;Castro;Male;53;28/03/2014;127.2;Administration;RN III;90087.28;4.3;MGR-012;Active;NA;NA;NA;323.125;NA;NA;NA;NA;NA;NA;NA;0;0;Fica;7.1;6
283;EMP-0283;Patricia;Gutierrez;Male;22;06/08/2020;50.9;Nursing;RN II;81496.24;4.5;MGR-022;Terminated;01/04/2023;Voluntary;15/06/2024;4;3.8;4.1;3.4;3.4;4.9;3.9;3.8;0;1;Sai;40.8;77
284;EMP-0284;Paul;Henderson;Male;48;18/03/2020;55.5;Administration;RN III;88147.31;5;MGR-022;Active;NA;NA;NA;323.125;NA;NA;NA;NA;NA;NA;NA;0;0;Fica;8.3;-14
285;EMP-0285;Edward;Kennedy;Female;50;31/07/2016;99;ICU;RN III;82623.94;3.8;MGR-050;Active;NA;NA;NA;323.125;NA;NA;NA;NA;NA;NA;NA;0;0;Fica;26.4;76
286;EMP-0286;Thomas;Gonzales;Male;22;07/08/2020;50.8;Surgery;RN III;82495.29;3.4;MGR-047;Active;NA;NA;15/06/2024;4.4;4.5;4.8;3.8;4.7;5.0;5.0;3.8;0;0;Fica;11;14
287;EMP-0287;Abigail;Gonzales;Male;34;21/06/2016;100.4;Emergency;RN II;73431.81;3.2;MGR-017;Terminated;05/09/2021;Voluntary;15/06/2024;1.2;1.4;1.9;1.2;1.5;2.0;2.0;1.5;0;1;Sai;14.5;36
288;EMP-0288;Amanda;King;Female;34;30/01/2014;129;Emergency;RN III;84560.4;3.1;MGR-029;Terminated;06/06/2017;Involuntary;NA;323.125;NA;NA;NA;NA;NA;NA;NA;0;1;Sai;20.4;35
289;EMP-0289;Peter;Gonzales;Male;23;18/10/2014;120.5;Emergency;RN III;82373.63;4.5;MGR-046;Active;NA;NA;15/06/2024;4.3;4.2;4.1;4.1;2.9;3.9;3.8;4.2;0;0;Fica;23.5;38
290;EMP-0290;Jennifer;Davis;Female;30;09/12/2021;34.8;ICU;RN II;78586.99;2.9;MGR-014;Active;NA;NA;15/06/2024;2.7;2.9;3.5;2.6;2.5;3.1;3.0;3.0;0;0;Fica;9.8;33
291;EMP-0291;Jerry;Vasquez;Male;26;28/01/2021;45.1;Nursing;RN II;74419.32;4.5;MGR-050;Active;NA;NA;NA;323.125;NA;NA;NA;NA;NA;NA;NA;0;0;Fica;9.6;25
292;EMP-0292;Evelyn;Chavez;Male;55;30/08/2014;122.1;Nursing;RN III;86627.92;3.3;MGR-020;Active;NA;NA;15/06/2024;4.2;3.5;3.6;2.9;3.6;3.8;4.3;4.0;0;0;Fica;15;19
293;EMP-0293;Andrew;Adams;Female;47;26/07/2016;99.2;Nursing;RN III;96401.33;3.4;MGR-050;Active;NA;NA;15/06/2024;3.2;2.7;2.6;2.3;3.0;2.9;2.9;2.7;0;0;Fica;4.9;11
294;EMP-0294;Lisa;Powell;Male;50;04/10/2014;120.9;Pediatrics;RN III;83858.22;3.7;MGR-048;Active;NA;NA;15/06/2024;3.2;3.8;3.1;3.3;3.4;3.2;3.5;3.4;0;0;Fica;7.9;12
295;EMP-0295;Frank;Garcia;Male;45;09/05/2014;125.8;Nursing;RN III;97294.7;3.4;MGR-033;Active;NA;NA;15/06/2024;4.5;4.3;3.8;4.5;4.4;4.2;4.0;4.6;0;0;Fica;18.7;42
296;EMP-0296;Amanda;Sanchez;Female;26;23/08/2023;14.3;ICU;RN II;72395.53;4.4;MGR-043;Active;NA;NA;15/06/2024;3.4;3.0;2.8;2.4;2.6;2.9;3.3;3.3;0;0;Fica;43.7;105
297;EMP-0297;Jack;Murphy;Female;32;15/09/2017;85.5;Administration;RN IV;113102.86;4.9;MGR-015;Active;NA;NA;15/06/2024;3.4;3.5;3.1;4.2;3.0;3.9;3.7;3.0;0;0;Fica;16.6;21
298;EMP-0298;Jerry;Collins;Male;42;18/10/2014;120.5;Nursing;RN III;91647.09;3.4;MGR-012;Active;NA;NA;15/06/2024;3.9;4.4;4.3;4.1;4.3;4.2;4.8;4.4;0;0;Fica;7.1;34
299;EMP-0299;Kelly;Henderson;Female;25;07/10/2019;60.8;ICU;RN III;95227.32;3.5;MGR-040;Terminated;19/04/2022;Involuntary;15/06/2024;3.3;3.5;2.7;3.2;1.9;2.8;3.1;3.8;0;1;Sai;15.2;26
300;EMP-0300;Alice;Reynolds;Male;45;01/09/2016;98;Emergency;RN III;97744.21;3.7;MGR-020;Active;NA;NA;15/06/2024;4.4;3.9;3.2;4.1;3.3;3.9;4.4;4.0;0;0;Fica;14.4;30
301;EMP-0301;Eric;Allen;Male;35;14/02/2017;92.5;Surgery;RN II;72037.68;4.1;MGR-030;Active;NA;NA;NA;323.125;NA;NA;NA;NA;NA;NA;NA;0;0;Fica;13.9;30
302;EMP-0302;Megan;Chen;Female;34;03/07/2021;40;Nursing;RN II;81455.9;3.7;MGR-038;Active;NA;NA;NA;323.125;NA;NA;NA;NA;NA;NA;NA;0;0;Fica;22.4;28
303;EMP-0303;Sarah;Lee;Female;45;12/06/2019;64.7;ICU;RN II;73452.75;4.6;MGR-003;Active;NA;NA;NA;323.125;NA;NA;NA;NA;NA;NA;NA;0;0;Fica;7.5;33
304;EMP-0304;Matthew;Cooper;Female;42;27/05/2016;101.2;Surgery;RN IV;104553.7;4.5;MGR-028;Active;NA;NA;15/06/2024;3;2.4;2.9;1.6;3.5;2.8;2.6;2.2;0;0;Fica;26.2;50
305;EMP-0305;Rebecca;Fisher;Female;34;18/01/2020;57.5;Administration;RN III;87446.19;3.1;MGR-026;Active;NA;NA;15/06/2024;2.5;1.7;2.2;1.9;2.1;2.4;3.0;3.0;0;0;Fica;3;6
306;EMP-0306;Laura;Brown;Female;49;26/06/2015;112.2;ICU;RN IV;107203.93;4.1;MGR-030;Active;NA;NA;15/06/2024;2.9;3.7;3.3;2.6;2.4;3.8;3.5;3.8;0;0;Fica;7.8;14
307;EMP-0307;Eric;Sanders;Female;27;10/02/2022;32.7;Emergency;RN II;70158.03;4.7;MGR-013;Active;NA;NA;15/06/2024;4.1;4.2;4.3;4.0;4.2;4.1;4.8;5.0;0;0;Fica;12.7;4
308;EMP-0308;Diane;Howard;Male;44;24/11/2023;11.3;ICU;RN I;63537.11;3.5;MGR-013;Active;NA;NA;15/06/2024;3.9;3.9;4.0;3.6;3.7;3.2;4.4;4.8;0;0;Fica;60;125
309;EMP-0309;Lisa;Morris;Female;43;27/05/2020;53.2;Surgery;RN II;75583.87;3.6;MGR-002;Active;NA;NA;15/06/2024;3.9;4.0;3.8;3.7;4.5;4.9;4.3;3.8;0;0;Fica;49.6;103
310;EMP-0310;Olivia;Sanders;Male;34;18/06/2020;52.5;ICU;RN II;78666.63;3.5;MGR-037;Terminated;16/03/2022;Voluntary;NA;323.125;NA;NA;NA;NA;NA;NA;NA;0;1;Sai;11.8;17
311;EMP-0311;Ashley;Patel;Male;41;21/04/2019;66.4;Nursing;RN II;79671.1;3.5;MGR-049;Active;NA;NA;15/06/2024;2;3.1;2.0;1.9;1.6;2.8;2.1;2.2;0;0;Fica;31.3;47
312;EMP-0312;Christine;Webb;Male;25;22/09/2016;97.3;Administration;RN III;89047.06;2.8;MGR-038;Active;NA;NA;15/06/2024;3.7;3.9;4.6;2.6;3.3;4.1;3.8;2.6;0;0;Fica;26.3;40
313;EMP-0313;Jesse;Diaz;Male;47;19/10/2022;24.4;ICU;RN I;61023.33;3;MGR-002;Active;NA;NA;15/06/2024;5;5.0;5.0;5.0;4.9;5.0;5.0;5.0;0;0;Fica;33.2;68
314;EMP-0314;Harold;Ford;Female;36;22/04/2019;66.4;ICU;RN II;71630.69;3.8;MGR-036;Active;NA;NA;15/06/2024;2.8;2.8;2.3;2.4;2.7;3.4;3.2;2.8;0;0;Fica;19.2;21
315;EMP-0315;Bryan;Ellis;Female;32;21/01/2023;21.4;Nursing;RN II;70724.73;4.7;MGR-026;Active;NA;NA;15/06/2024;2.6;2.0;3.7;2.8;2.4;2.5;2.7;1.8;0;0;Fica;34.8;64
316;EMP-0316;Cheryl;Walker;Female;48;26/07/2018;75.2;ICU;RN IV;98980.01;3.4;MGR-011;Active;NA;NA;NA;323.125;NA;NA;NA;NA;NA;NA;NA;0;0;Fica;9.7;25
317;EMP-0317;Thomas;Flores;Male;30;19/02/2016;104.4;Emergency;RN IV;103821.62;3.4;MGR-008;Active;NA;NA;15/06/2024;3.6;3.3;2.7;3.2;3.4;3.2;3.5;3.0;0;0;Fica;6.9;14
318;EMP-0318;Diane;Scott;Male;23;22/01/2015;117.3;ICU;RN IV;102594.21;4.8;MGR-044;Terminated;20/10/2019;Voluntary;NA;323.125;NA;NA;NA;NA;NA;NA;NA;0;1;Sai;7.1;26
319;EMP-0319;Gerald;Webb;Male;22;02/02/2015;117;Nursing;RN III;97462.68;3.1;MGR-040;Active;NA;NA;15/06/2024;4.7;4.5;5.0;3.4;4.0;4.3;4.8;3.6;0;0;Fica;7.2;14
320;EMP-0320;Kevin;Garcia;Male;44;23/05/2021;41.3;ICU;RN II;75807.92;2.8;MGR-043;Active;NA;NA;15/06/2024;3.5;2.9;3.4;2.6;2.1;3.2;3.4;2.4;0;0;Fica;17.3;28
321;EMP-0321;Joshua;Rogers;Female;25;01/11/2018;72;Administration;RN III;87556.43;3.3;MGR-022;Active;NA;NA;15/06/2024;3.7;4.2;3.8;3.4;3.2;3.7;3.5;3.2;0;0;Fica;17.8;47
322;EMP-0322;Betty;Howard;Female;55;22/12/2017;82.3;Nursing;RN IV;107867.95;3.4;MGR-020;Active;NA;NA;15/06/2024;3;3.7;3.4;2.5;3.3;3.4;3.3;3.8;0;0;Fica;12;7
323;EMP-0323;Jerry;Brown;Female;22;01/10/2018;73;Administration;RN II;69948.75;2.8;MGR-008;Active;NA;NA;15/06/2024;3.2;3.7;4.4;3.4;3.0;3.6;4.0;3.4;0;0;Fica;16.3;35
324;EMP-0324;Deborah;Ward;Male;54;11/08/2018;74.7;Emergency;RN III;89104.7;3.7;MGR-029;Active;NA;NA;15/06/2024;2.5;2.2;1.9;2.4;1.6;2.2;2.3;2.4;0;0;Fica;7.8;28
325;EMP-0325;Dylan;Aguilar;Female;40;28/03/2019;67.2;Surgery;RN III;92019.75;4.4;MGR-040;Terminated;16/04/2021;Involuntary;NA;323.125;NA;NA;NA;NA;NA;NA;NA;0;1;Sai;1.8;2
326;EMP-0326;Kathryn;Alexander;Female;37;09/09/2023;13.8;Pediatrics;RN II;74844.57;3;MGR-026;Active;NA;NA;15/06/2024;4.1;3.9;3.9;4.0;3.6;4.0;4.8;4.2;0;0;Fica;22.5;44
327;EMP-0327;Richard;Vasquez;Female;32;06/03/2022;31.9;ICU;RN II;73624.9;3.9;MGR-030;Terminated;20/07/2023;Voluntary;15/06/2024;3.1;2.6;3.5;3.3;3.9;3.5;3.7;3.1;0;1;Sai;7.2;15
328;EMP-0328;Cynthia;Sanders;Female;41;10/08/2014;122.7;Pediatrics;RN III;97901.57;4;MGR-017;Active;NA;NA;15/06/2024;5;5.0;4.6;4.8;5.0;4.8;5.0;5.0;0;0;Fica;13.3;24
329;EMP-0329;Noah;Morris;Male;37;21/07/2021;39.4;Surgery;RN II;80324.41;3.7;MGR-020;Active;NA;NA;15/06/2024;4.1;3.8;4.1;3.9;3.8;3.8;4.3;4.4;0;0;Fica;25.2;39
330;EMP-0330;Jeffrey;Ward;Male;49;30/04/2021;42.1;Emergency;RN II;76727.68;3.9;MGR-016;Active;NA;NA;15/06/2024;2.3;3.1;2.9;1.8;1.8;1.8;2.2;1.4;0;0;Fica;11;26
331;EMP-0331;Emily;Murray;Male;39;31/03/2021;43.1;Nursing;RN II;75971.28;3.9;MGR-046;Active;NA;NA;15/06/2024;4.4;3.9;4.8;4.1;3.3;4.6;4.9;4.8;0;0;Fica;5.5;9
332;EMP-0332;Karen;Sanchez;Female;39;08/02/2015;116.8;ICU;RN II;76689.25;3.3;MGR-043;Active;NA;NA;15/06/2024;2.4;2.7;1.9;2.4;2.4;2.6;3.0;2.6;0;0;Fica;30;47
333;EMP-0333;Nicholas;Baker;Male;34;06/09/2014;121.8;Pediatrics;RN II;70818.37;4.7;MGR-007;Active;NA;NA;15/06/2024;4.3;3.8;5.0;5.0;3.3;4.8;4.9;4.2;0;0;Fica;9.1;33
334;EMP-0334;Linda;Medina;Male;37;08/07/2018;75.8;Pediatrics;RN IV;104717.34;4.5;MGR-016;Active;NA;NA;15/06/2024;5;5.0;4.9;4.2;4.2;4.5;4.7;5.0;0;0;Fica;1.2;17
335;EMP-0335;Ann;Cooper;Male;41;02/03/2022;32;Pediatrics;RN I;58394.6;4.5;MGR-045;Active;NA;NA;15/06/2024;4.4;4.7;4.4;3.7;4.2;4.0;5.0;4.1;0;0;Fica;10.7;27
336;EMP-0336;Teresa;Alexander;Male;22;21/10/2017;84.4;Emergency;RN III;89608.74;4.4;MGR-047;Active;NA;NA;15/06/2024;3.1;3.0;3.8;3.4;3.0;2.7;3.1;2.6;0;0;Fica;33.1;71
337;EMP-0337;Zachary;Ortiz;Female;24;24/12/2022;22.3;Pediatrics;RN I;63430.25;2.9;MGR-048;Active;NA;NA;15/06/2024;4.1;4.8;4.1;4.2;4.2;5.0;4.4;4.8;0;0;Fica;18.8;30
338;EMP-0338;Sean;Jackson;Female;45;31/08/2023;14.1;Nursing;RN II;71188.5;4.4;MGR-027;Active;NA;NA;NA;323.125;NA;NA;NA;NA;NA;NA;NA;0;0;Fica;8.7;19
339;EMP-0339;Catherine;Martin;Male;39;24/03/2015;115.3;Emergency;RN III;97424.46;4.2;MGR-023;Active;NA;NA;NA;323.125;NA;NA;NA;NA;NA;NA;NA;0;0;Fica;11.4;33
340;EMP-0340;Ruth;Vasquez;Male;36;15/10/2016;96.6;Nursing;RN III;96551.27;2.9;MGR-024;Active;NA;NA;15/06/2024;2.5;2.6;3.0;2.7;2.1;2.3;3.2;2.6;0;0;Fica;9.5;29
341;EMP-0341;Shirley;Owens;Female;38;24/02/2016;104.2;Nursing;RN IV;110276.44;3.7;MGR-009;Active;NA;NA;15/06/2024;2.1;2.1;3.1;2.7;2.0;2.9;2.6;2.2;0;0;Fica;4.9;-9
342;EMP-0342;Ashley;Campbell;Male;41;19/02/2016;104.4;Emergency;RN IV;107067.57;4;MGR-035;Terminated;11/12/2019;Voluntary;15/06/2024;2.6;3.0;2.1;2.8;1.9;3.4;2.9;2.0;0;1;Sai;8;17
343;EMP-0343;Christine;Smith;Male;32;06/01/2020;57.9;Emergency;RN II;80179.57;4.8;MGR-020;Terminated;16/05/2023;Voluntary;15/06/2024;2.1;2.3;2.7;2.1;2.1;2.4;2.7;2.5;0;1;Sai;17.2;55
344;EMP-0344;Ronald;Hughes;Male;30;12/01/2019;69.6;ICU;RN III;84090.44;4.2;MGR-037;Active;NA;NA;NA;323.125;NA;NA;NA;NA;NA;NA;NA;0;0;Fica;4.2;-7
345;EMP-0345;Dylan;Fernandez;Male;39;29/07/2015;111.1;Emergency;RN III;94648.16;3.3;MGR-042;Active;NA;NA;15/06/2024;5;3.7;5.0;4.8;4.3;5.0;5.0;5.0;0;0;Fica;5.9;3
346;EMP-0346;Gary;Murphy;Female;28;25/09/2018;73.2;Emergency;RN III;83997.13;4.8;MGR-017;Active;NA;NA;15/06/2024;3.8;4.1;3.5;3.6;3.1;4.0;4.3;3.8;0;0;Fica;16.6;48
347;EMP-0347;Jeremy;Nguyen;Female;42;22/01/2016;105.3;Nursing;RN II;79118.95;3.8;MGR-047;Active;NA;NA;15/06/2024;4.8;4.5;5.0;4.1;3.2;4.7;4.0;4.3;0;0;Fica;16.8;44
348;EMP-0348;Frances;Torres;Male;22;14/02/2017;92.5;Emergency;RN II;71860.75;3.6;MGR-031;Active;NA;NA;15/06/2024;3.1;2.9;3.9;3.5;3.4;3.7;3.5;3.0;0;0;Fica;16.8;47
349;EMP-0349;Laura;Cole;Male;48;10/03/2019;67.8;Nursing;RN III;96033.45;3.6;MGR-008;Active;NA;NA;15/06/2024;5;4.9;5.0;5.0;5.0;5.0;5.0;5.0;0;0;Fica;5.9;10
350;EMP-0350;Laura;Marshall;Female;42;20/10/2016;96.4;Nursing;RN III;97104.67;2.8;MGR-015;Terminated;22/10/2021;Voluntary;15/06/2024;2;1.8;1.7;1.5;2.0;1.4;2.3;1.0;0;1;Sai;14.7;16
351;EMP-0351;Christine;Jimenez;Female;40;22/10/2023;12.4;ICU;RN II;70083.14;3.7;MGR-031;Active;NA;NA;15/06/2024;2.2;2.1;1.9;2.1;1.8;1.8;2.3;2.5;0;0;Fica;22.9;41
352;EMP-0352;Edward;Kim;Female;47;05/11/2014;119.9;ICU;RN IV;105865.49;4.1;MGR-030;Terminated;07/01/2019;Voluntary;15/06/2024;2.1;1.0;2.5;1.3;1.8;2.1;2.5;1.9;0;1;Sai;3.4;2
353;EMP-0353;Helen;Williams;Female;54;21/12/2018;70.4;ICU;RN III;97695.8;3.6;MGR-046;Active;NA;NA;15/06/2024;2.1;1.6;1.5;2.1;1.2;1.4;1.8;1.1;0;0;Fica;8.4;8
354;EMP-0354;Joseph;Aguilar;Male;48;23/01/2023;21.3;Emergency;RN I;62834.07;4.1;MGR-020;Terminated;06/09/2024;Voluntary;15/06/2024;2.3;2.3;3.4;2.3;2.6;2.2;2.8;2.4;0;1;Sai;12;20
355;EMP-0355;Rebecca;Martinez;Male;22;30/08/2023;14.1;Emergency;RN II;80089.67;3.3;MGR-039;Active;NA;NA;15/06/2024;3.6;3.5;3.9;3.6;3.8;4.3;3.7;4.0;0;0;Fica;2;-1
356;EMP-0356;Tyler;Jones;Female;25;08/08/2023;14.8;Surgery;RN I;63887.32;3.7;MGR-012;Active;NA;NA;15/06/2024;2.3;2.1;3.4;2.8;2.3;2.5;2.7;3.0;0;0;Fica;22.3;63
357;EMP-0357;Linda;Freeman;Male;31;04/03/2020;55.9;Emergency;RN III;88005.28;4;MGR-049;Active;NA;NA;15/06/2024;2.3;3.5;3.2;3.0;1.9;3.5;3.1;2.8;0;0;Fica;11.8;45
358;EMP-0358;Timothy;Castro;Female;38;06/02/2015;116.8;Emergency;RN III;86572.54;3.9;MGR-017;Active;NA;NA;15/06/2024;3.3;3.7;3.4;3.5;2.7;3.2;3.3;3.2;0;0;Fica;9.4;10
359;EMP-0359;Cynthia;Gibson;Female;43;27/07/2014;123.2;Nursing;RN IV;101454.79;2.8;MGR-042;Active;NA;NA;15/06/2024;4.6;3.6;4.3;3.9;4.2;3.7;4.9;3.5;0;0;Fica;19.9;38
360;EMP-0360;Julie;Gonzalez;Female;30;25/04/2021;42.2;Nursing;RN II;78665.17;3.5;MGR-030;Terminated;08/09/2023;Involuntary;NA;323.125;NA;NA;NA;NA;NA;NA;NA;0;1;Sai;33.2;55
361;EMP-0361;Robert;Gibson;Male;39;24/01/2020;57.3;Emergency;RN II;73411.57;4.8;MGR-029;Active;NA;NA;15/06/2024;2.4;2.6;2.7;2.8;3.6;2.7;2.8;2.6;0;0;Fica;8.2;32
362;EMP-0362;Aaron;Wood;Female;30;18/05/2023;17.5;Emergency;RN I;63112.75;3.5;MGR-019;Terminated;04/09/2024;Voluntary;15/06/2024;1.1;1.0;1.0;1.0;1.0;1.4;1.0;1.0;0;1;Sai;7.9;27
363;EMP-0363;Jennifer;Cook;Male;31;02/03/2014;128;ICU;RN III;89877.21;3.8;MGR-046;Active;NA;NA;15/06/2024;4.1;3.4;2.6;4.0;3.7;4.3;4.2;4.8;0;0;Fica;10.2;21
364;EMP-0364;Henry;Morales;Female;23;18/01/2015;117.4;Emergency;RN III;91236.46;3.7;MGR-011;Active;NA;NA;15/06/2024;2.9;1.9;2.8;2.4;2.6;2.5;3.0;2.3;0;0;Fica;15.5;30
365;EMP-0365;Kelly;Powell;Female;28;14/06/2022;28.6;ICU;RN II;80118.08;4.7;MGR-034;Active;NA;NA;NA;323.125;NA;NA;NA;NA;NA;NA;NA;0;0;Fica;12.8;50
366;EMP-0366;Carolyn;Reed;Male;24;09/07/2023;15.8;Pediatrics;RN I;67807.39;4.6;MGR-050;Active;NA;NA;15/06/2024;2.5;2.5;2.9;2.5;2.5;2.8;3.4;2.6;0;0;Fica;11.4;30
367;EMP-0367;George;Taylor;Female;28;26/08/2016;98.2;Pediatrics;RN III;88521.35;4.3;MGR-007;Active;NA;NA;15/06/2024;3.6;4.1;3.0;3.1;4.6;3.6;4.3;4.4;0;0;Fica;5.7;13
368;EMP-0368;Jerry;Rodriguez;Female;48;13/11/2015;107.6;Pediatrics;RN IV;112067.82;3.2;MGR-044;Terminated;05/10/2023;Involuntary;15/06/2024;5;4.8;4.5;4.8;4.1;5.0;5.0;4.7;0;1;Sai;34.1;62
369;EMP-0369;Jason;McDonald;Male;28;23/07/2018;75.3;Administration;RN III;94232.44;4;MGR-034;Active;NA;NA;15/06/2024;5;5.0;5.0;5.0;5.0;5.0;5.0;5.0;0;0;Fica;15.8;21
370;EMP-0370;Stephanie;Webb;Male;64;13/06/2019;64.7;Nursing;RN III;91176.46;4.1;MGR-020;Active;NA;NA;15/06/2024;4.6;4.7;3.8;4.2;3.5;4.9;5.0;4.5;0;0;Fica;14.6;21
371;EMP-0371;Ann;Nguyen;Male;42;26/05/2019;65.2;Nursing;RN II;81384.66;3.4;MGR-050;Active;NA;NA;15/06/2024;4.4;5.0;3.3;4.0;4.0;3.7;4.1;3.8;0;0;Fica;1.1;11
372;EMP-0372;Richard;Sanders;Male;39;25/05/2016;101.2;Nursing;RN III;85207.59;3.3;MGR-038;Active;NA;NA;15/06/2024;4.6;5.0;5.0;4.0;4.5;4.9;4.6;4.7;0;0;Fica;12.7;23
373;EMP-0373;Olivia;Patel;Male;29;12/09/2023;13.7;ICU;RN I;59092.64;4.8;MGR-024;Active;NA;NA;15/06/2024;3.6;4.0;3.8;2.7;3.9;3.6;3.5;3.5;0;0;Fica;29.3;69
374;EMP-0374;Evelyn;Carter;Female;45;01/07/2018;76.1;Surgery;RN II;79955.47;3.6;MGR-010;Active;NA;NA;15/06/2024;2.5;1.6;2.4;1.9;2.4;1.8;2.6;2.8;0;0;Fica;17.6;39
375;EMP-0375;Virginia;Morgan;Male;32;29/08/2014;122.1;Nursing;RN IV;105465.55;4.8;MGR-032;Active;NA;NA;15/06/2024;2.5;2.8;2.5;2.7;2.1;2.5;3.0;2.6;0;0;Fica;13;22
376;EMP-0376;Abigail;Morris;Male;39;06/11/2015;107.9;Administration;RN II;79857.56;4.4;MGR-015;Active;NA;NA;NA;323.125;NA;NA;NA;NA;NA;NA;NA;0;0;Fica;4;10
377;EMP-0377;Arthur;Cox;Female;63;02/04/2018;79;Nursing;RN III;96289.44;4;MGR-037;Terminated;19/01/2024;Involuntary;15/06/2024;2.4;2.2;2.6;2.1;1.7;2.1;3.1;2.4;0;1;Sai;36;77
378;EMP-0378;Austin;Patterson;Male;37;09/01/2014;129.7;Administration;RN III;82999.32;4.1;MGR-020;Terminated;24/09/2019;Voluntary;15/06/2024;2.6;2.3;2.7;1.8;1.9;2.4;2.3;2.0;0;1;Sai;15.1;22
379;EMP-0379;Lauren;Graham;Female;49;19/05/2018;77.5;Emergency;RN III;96135.44;3;MGR-003;Active;NA;NA;15/06/2024;2.5;2.3;2.7;2.3;2.4;3.0;2.5;2.9;0;0;Fica;10;26
380;EMP-0380;Gary;Ford;Male;30;22/12/2016;94.3;Nursing;RN IV;105621.42;3.9;MGR-037;Terminated;15/03/2023;Involuntary;15/06/2024;4.4;4.4;4.6;4.5;3.2;3.8;4.6;4.4;0;1;Sai;20.3;41
381;EMP-0381;Charles;Ramos;Male;37;17/10/2022;24.5;Emergency;RN I;63104.32;4.7;MGR-040;Active;NA;NA;15/06/2024;3.7;4.2;4.3;4.0;3.7;3.8;4.1;4.1;0;0;Fica;27.6;62
382;EMP-0382;Catherine;Wright;Female;55;21/10/2022;24.4;Nursing;RN II;76772.3;4.2;MGR-008;Active;NA;NA;15/06/2024;3.9;4.4;3.6;3.9;4.3;3.8;4.6;3.6;0;0;Fica;12.5;32
383;EMP-0383;Laura;Smith;Female;31;07/02/2019;68.8;Nursing;RN III;96822.12;3.9;MGR-040;Active;NA;NA;NA;323.125;NA;NA;NA;NA;NA;NA;NA;0;0;Fica;5.4;21
384;EMP-0384;Rachel;Flores;Female;56;14/03/2017;91.6;Nursing;RN III;82305.86;4.8;MGR-044;Terminated;23/08/2019;Voluntary;NA;323.125;NA;NA;NA;NA;NA;NA;NA;0;1;Sai;10.9;16
385;EMP-0385;Peter;Murphy;Female;45;29/09/2018;73.1;Pediatrics;RN IV;106106.34;3.7;MGR-023;Active;NA;NA;15/06/2024;3.5;4.1;3.7;3.9;3.2;3.8;4.3;3.6;0;0;Fica;4.5;17
386;EMP-0386;Kathleen;Chen;Female;32;24/10/2021;36.3;Emergency;RN II;77628.11;3.4;MGR-040;Active;NA;NA;15/06/2024;3.7;3.2;2.5;3.3;2.2;2.7;2.8;3.0;0;0;Fica;18.7;53
387;EMP-0387;Daniel;Reyes;Male;44;12/03/2022;31.7;Nursing;RN II;78117.9;3.9;MGR-011;Active;NA;NA;15/06/2024;2.7;2.4;2.7;2.3;2.9;2.9;2.8;3.1;0;0;Fica;16;36
388;EMP-0388;Harold;Murphy;Male;47;14/10/2022;24.6;ICU;RN I;64925.32;4.3;MGR-046;Active;NA;NA;15/06/2024;2.7;2.1;1.8;3.1;1.4;2.4;2.7;3.0;0;0;Fica;20.2;38
389;EMP-0389;Gerald;Castillo;Female;44;26/03/2020;55.2;Pediatrics;RN III;84150.96;2.8;MGR-008;Active;NA;NA;15/06/2024;4.1;4.1;4.3;4.0;3.2;4.0;3.4;3.3;0;0;Fica;5.5;8
390;EMP-0390;Gloria;Bailey;Female;22;04/06/2021;40.9;Nursing;RN III;86790.33;4;MGR-029;Active;NA;NA;15/06/2024;3;2.9;2.6;3.3;3.9;3.0;3.1;2.7;0;0;Fica;8.1;22
391;EMP-0391;Keith;Hernandez;Female;30;21/01/2022;33.3;Emergency;RN I;61587.16;4.3;MGR-030;Active;NA;NA;15/06/2024;2.7;2.7;2.2;2.3;2.0;2.8;3.2;3.0;0;0;Fica;8.2;-3
392;EMP-0392;Laura;Sullivan;Male;35;17/06/2019;64.5;Nursing;RN III;94871;3.6;MGR-010;Active;NA;NA;15/06/2024;3.6;4.5;4.1;3.5;2.6;4.0;4.1;3.4;0;0;Fica;5.8;11
393;EMP-0393;Joan;Wilson;Male;37;27/09/2015;109.2;Nursing;RN II;71902.64;4.5;MGR-039;Active;NA;NA;15/06/2024;4;4.3;4.1;3.7;4.0;4.6;5.0;4.4;0;0;Fica;3.1;-4
394;EMP-0394;James;Reyes;Female;44;17/02/2016;104.5;ICU;RN III;85371.28;4.2;MGR-028;Active;NA;NA;15/06/2024;2.3;2.9;3.7;2.6;1.6;3.1;2.5;2.2;0;0;Fica;31.7;54
395;EMP-0395;Kimberly;Robinson;Male;39;30/04/2017;90.1;Nursing;RN III;97319.17;5;MGR-049;Terminated;11/09/2021;Voluntary;15/06/2024;1.2;1.5;2.1;1.0;1.6;1.3;2.2;2.0;0;1;Sai;9.5;1
396;EMP-0396;Janet;Wright;Female;24;10/06/2016;100.7;Emergency;RN IV;98150.68;3.3;MGR-036;Active;NA;NA;15/06/2024;3.3;4.0;3.4;3.4;3.7;3.8;4.3;3.3;0;0;Fica;31.9;63
397;EMP-0397;Judith;Jones;Female;41;28/08/2014;122.1;Pediatrics;RN III;97965.13;4.3;MGR-013;Active;NA;NA;NA;323.125;NA;NA;NA;NA;NA;NA;NA;0;0;Fica;18;28
398;EMP-0398;Christina;Chavez;Male;44;30/06/2020;52.1;Nursing;RN II;77475.5;3.2;MGR-032;Active;NA;NA;NA;323.125;NA;NA;NA;NA;NA;NA;NA;0;0;Fica;14.7;34
399;EMP-0399;Melissa;Wallace;Female;43;02/04/2022;31;ICU;RN I;66284.69;2.8;MGR-036;Active;NA;NA;15/06/2024;4.2;3.8;4.5;3.9;3.3;4.5;3.8;3.7;0;0;Fica;24;37
400;EMP-0400;Alexander;Cox;Female;48;30/01/2020;57.1;Nursing;RN II;72124.67;2.6;MGR-037;Terminated;24/08/2021;Voluntary;15/06/2024;2.4;2.2;2.4;2.2;2.0;3.0;2.7;2.2;0;1;Sai;8.6;24
401;EMP-0401;Peter;Morris;Male;46;07/09/2014;121.8;Administration;RN III;82229.04;4.1;MGR-026;Terminated;19/02/2020;Involuntary;NA;323.125;NA;NA;NA;NA;NA;NA;NA;0;1;Sai;16.2;32
402;EMP-0402;Keith;Tran;Female;42;22/05/2022;29.4;Emergency;RN I;65378.7;3.9;MGR-022;Active;NA;NA;15/06/2024;4;4.8;4.6;3.8;3.5;4.6;4.5;3.4;0;0;Fica;4.2;18
403;EMP-0403;Jessica;Ruiz;Female;37;08/07/2017;87.8;Pediatrics;RN IV;112180.46;3.5;MGR-004;Active;NA;NA;15/06/2024;3.3;2.3;3.0;2.0;2.3;3.3;2.6;3.4;0;0;Fica;3;9
404;EMP-0404;Jonathan;Adams;Female;22;23/08/2014;122.3;ICU;RN III;93847.62;2.7;MGR-031;Terminated;31/07/2022;Voluntary;15/06/2024;3.4;2.9;3.1;3.6;2.9;3.2;3.3;2.8;0;1;Sai;11.6;12
405;EMP-0405;Nancy;Ruiz;Male;42;25/07/2014;123.3;Nursing;RN III;84285.6;3.4;MGR-018;Active;NA;NA;15/06/2024;3.6;2.8;2.7;3.5;2.3;3.2;3.4;3.3;0;0;Fica;12.6;21
406;EMP-0406;Frank;Kennedy;Female;40;20/07/2020;51.4;ICU;RN II;78547.99;3.8;MGR-038;Active;NA;NA;15/06/2024;3.6;4.1;4.2;4.3;3.5;3.8;4.2;4.5;0;0;Fica;4;7
407;EMP-0407;Pamela;Flores;Male;40;07/05/2019;65.9;Administration;RN III;94302.76;4.3;MGR-024;Active;NA;NA;15/06/2024;3.2;3.5;3.7;3.2;2.8;3.3;3.4;2.5;0;0;Fica;20.2;38
408;EMP-0408;Janice;Bailey;Male;25;22/08/2019;62.4;ICU;RN III;92536.65;3.8;MGR-023;Terminated;25/10/2021;Voluntary;15/06/2024;2.4;2.3;2.5;1.7;1.7;2.0;2.4;2.7;0;1;Sai;8.8;24
409;EMP-0409;Ann;Hill;Female;27;25/07/2023;15.3;Pediatrics;RN I;65661.16;4;MGR-022;Active;NA;NA;NA;323.125;NA;NA;NA;NA;NA;NA;NA;0;0;Fica;19.9;50
410;EMP-0410;Christine;Russell;Male;48;16/12/2019;58.5;Surgery;RN III;95534.74;3.6;MGR-002;Terminated;13/06/2020;Involuntary;NA;323.125;NA;NA;NA;NA;NA;NA;NA;0;1;Sai;5;8
411;EMP-0411;Mark;Wilson;Male;37;07/10/2015;108.8;Nursing;RN III;91817.67;4.8;MGR-031;Terminated;27/08/2018;Voluntary;15/06/2024;1.2;1.0;1.0;1.0;1.9;1.0;1.0;1.0;0;1;Sai;4.4;6
412;EMP-0412;Jonathan;Young;Female;44;21/08/2014;122.4;Nursing;RN II;69240.47;3.2;MGR-011;Active;NA;NA;15/06/2024;2.7;2.5;1.7;2.2;1.3;2.4;1.9;1.7;0;0;Fica;8.3;23
413;EMP-0413;George;West;Female;38;12/09/2019;61.7;ICU;RN II;74826.79;3.4;MGR-028;Active;NA;NA;15/06/2024;2.3;3.0;3.1;2.4;2.3;2.9;2.9;3.1;0;0;Fica;29.6;61
414;EMP-0414;Carolyn;Long;Female;38;25/11/2014;119.2;Emergency;RN III;83242.39;3.5;MGR-046;Active;NA;NA;15/06/2024;4.5;4.1;4.6;3.8;4.6;3.8;5.0;4.4;0;0;Fica;42.8;76
415;EMP-0415;Ann;Thompson;Female;47;20/07/2023;15.4;Surgery;RN I;62075.43;4.1;MGR-032;Active;NA;NA;15/06/2024;4.1;4.4;4.3;4.2;2.9;4.2;4.9;4.7;0;0;Fica;10.2;21
416;EMP-0416;Raymond;Morales;Male;32;01/02/2016;105;Surgery;RN IV;104920.81;3.2;MGR-005;Terminated;26/12/2019;Voluntary;15/06/2024;2.1;2.4;2.7;2.6;1.3;2.5;2.4;2.1;0;1;Sai;3.1;-10
417;EMP-0417;Joshua;McDonald;Male;38;08/10/2014;120.8;Emergency;RN IV;99122.17;3.9;MGR-038;Active;NA;NA;15/06/2024;2.1;2.7;1.6;2.3;2.1;2.2;2.4;2.0;0;0;Fica;20.6;50
418;EMP-0418;Maria;Washington;Male;33;03/09/2020;49.9;Nursing;RN III;87581.13;3.9;MGR-010;Active;NA;NA;15/06/2024;3.2;3.0;2.5;3.0;2.8;2.5;3.0;2.5;0;0;Fica;32.9;85
419;EMP-0419;Steven;Evans;Female;33;06/10/2014;120.9;Pediatrics;RN III;83775.97;3.4;MGR-040;Active;NA;NA;15/06/2024;3.3;2.9;3.5;3.3;2.5;3.6;3.7;3.7;0;0;Fica;11.6;9
420;EMP-0420;Tyler;Russell;Female;34;28/07/2021;39.2;Nursing;RN II;79315.29;4;MGR-046;Active;NA;NA;15/06/2024;3.9;4.2;4.1;4.6;3.3;4.9;4.1;3.4;0;0;Fica;9.9;19
421;EMP-0421;Daniel;Russell;Female;40;01/09/2023;14;Surgery;RN II;81267.63;3.2;MGR-024;Active;NA;NA;15/06/2024;2.8;2.2;2.7;3.0;2.2;3.6;2.6;2.6;0;0;Fica;13.7;26
422;EMP-0422;Barbara;Hill;Female;33;21/08/2016;98.4;Emergency;RN III;83157.06;3.1;MGR-035;Active;NA;NA;NA;323.125;NA;NA;NA;NA;NA;NA;NA;0;0;Fica;27.2;54
423;EMP-0423;Jonathan;Aguilar;Male;50;12/07/2018;75.7;ICU;RN II;81371.61;3.9;MGR-044;Active;NA;NA;15/06/2024;2.6;2.5;1.6;2.4;1.8;2.1;2.7;1.6;0;0;Fica;37;82
424;EMP-0424;Maria;Gutierrez;Female;29;07/05/2015;113.9;Nursing;RN III;90361.23;2.8;MGR-048;Active;NA;NA;15/06/2024;3.1;3.6;3.2;3.3;2.4;3.0;3.2;2.9;0;0;Fica;26.8;63
425;EMP-0425;Kimberly;Stevens;Male;36;26/12/2023;10.2;ICU;RN I;60995.66;2.5;MGR-023;Terminated;29/08/2024;Voluntary;15/06/2024;1.7;2.2;2.7;1.3;2.7;2.2;2.5;2.5;0;1;Sai;17.6;31
426;EMP-0426;Martha;Adams;Female;33;22/05/2020;53.4;Emergency;RN III;83229.79;4.1;MGR-017;Active;NA;NA;15/06/2024;4.9;5.0;4.2;4.9;5.0;5.0;5.0;5.0;0;0;Fica;22.9;34
427;EMP-0427;Arthur;Anderson;Male;52;05/10/2016;96.9;ICU;RN III;90009.99;4.4;MGR-001;Active;NA;NA;15/06/2024;3.5;3.7;4.0;3.6;2.9;3.5;4.3;3.7;0;0;Fica;2.4;3
428;EMP-0428;Janet;Gonzales;Female;39;29/06/2020;52.1;Nursing;RN II;79123.22;3.5;MGR-031;Terminated;29/09/2024;Involuntary;15/06/2024;4.9;5.0;5.0;5.0;5.0;5.0;5.0;5.0;0;1;Sai;14.6;28
429;EMP-0429;James;Allen;Male;48;01/09/2020;50;Pediatrics;RN III;93313.38;3.4;MGR-031;Active;NA;NA;NA;323.125;NA;NA;NA;NA;NA;NA;NA;0;0;Fica;26.9;47
430;EMP-0430;Jonathan;Nguyen;Male;23;12/06/2014;124.7;Surgery;RN III;82803.62;4.4;MGR-042;Active;NA;NA;15/06/2024;3.8;3.9;2.3;3.0;3.8;3.3;3.9;3.1;0;0;Fica;18.2;32
431;EMP-0431;Patricia;Long;Male;40;11/12/2020;46.7;Nursing;RN II;69020.63;3.1;MGR-042;Active;NA;NA;15/06/2024;3.4;2.4;2.5;3.0;4.1;2.5;2.9;3.1;0;0;Fica;22.1;44
432;EMP-0432;Jessica;Allen;Female;46;02/12/2014;119;Nursing;RN II;73640.23;3;MGR-034;Active;NA;NA;15/06/2024;2.8;3.1;3.2;2.1;1.9;2.6;3.1;2.9;0;0;Fica;9.4;26
433;EMP-0433;Lisa;Bennett;Female;38;14/09/2018;73.6;Nursing;RN III;86724.65;4.2;MGR-009;Active;NA;NA;15/06/2024;2.7;3.0;1.8;1.6;2.0;2.2;2.6;2.8;0;0;Fica;2.6;7
434;EMP-0434;Emma;Rogers;Male;48;16/05/2021;41.6;ICU;RN III;85718.15;3.8;MGR-022;Terminated;21/09/2023;Voluntary;15/06/2024;2.6;3.1;3.0;2.9;2.5;3.2;3.0;2.7;0;1;Sai;23.8;48
435;EMP-0435;Mary;Martinez;Male;32;18/07/2020;51.5;ICU;RN III;86496.07;4.4;MGR-013;Active;NA;NA;15/06/2024;2.9;2.8;3.2;3.8;2.6;2.6;3.5;2.2;0;0;Fica;38.9;73
436;EMP-0436;Megan;Jones;Female;52;04/05/2020;53.9;Emergency;RN II;79248.76;2.5;MGR-025;Active;NA;NA;15/06/2024;2.1;2.0;2.5;2.6;1.8;3.0;2.7;2.3;0;0;Fica;6.4;8
437;EMP-0437;Alice;Wallace;Male;60;12/11/2019;59.7;Nursing;RN III;96867.65;3;MGR-048;Terminated;29/09/2020;Voluntary;15/06/2024;2.4;2.1;2.4;2.5;2.1;2.4;2.7;2.5;0;1;Sai;15;47
438;EMP-0438;Katherine;Kelly;Female;34;19/07/2017;87.5;Emergency;RN IV;104886.75;3.8;MGR-018;Active;NA;NA;NA;323.125;NA;NA;NA;NA;NA;NA;NA;0;0;Fica;13.7;21
439;EMP-0439;Kathryn;Long;Female;33;04/12/2016;94.9;ICU;RN IV;113403.89;4.1;MGR-012;Active;NA;NA;NA;323.125;NA;NA;NA;NA;NA;NA;NA;0;0;Fica;5;22
440;EMP-0440;Gloria;Alexander;Male;52;16/04/2016;102.5;Emergency;RN III;87143.93;4.3;MGR-040;Active;NA;NA;NA;323.125;NA;NA;NA;NA;NA;NA;NA;0;0;Fica;4.3;-4
441;EMP-0441;Evelyn;Nguyen;Male;53;06/07/2021;39.9;Administration;RN II;74670.12;3.9;MGR-017;Terminated;27/09/2023;Voluntary;15/06/2024;2;2.1;1.6;1.0;1.2;2.1;1.8;1.7;0;1;Sai;20.3;71
442;EMP-0442;Steven;Harrison;Female;32;12/01/2022;33.6;Nursing;RN II;71164.41;3.9;MGR-015;Active;NA;NA;15/06/2024;3.1;3.4;3.8;2.9;3.1;2.6;3.3;3.0;0;0;Fica;5;11
443;EMP-0443;Tyler;Campbell;Male;33;10/07/2017;87.7;ICU;RN IV;108888.09;3.6;MGR-042;Active;NA;NA;15/06/2024;3.6;3.8;3.2;3.9;2.4;3.1;4.1;3.7;0;0;Fica;14.4;29
444;EMP-0444;Elizabeth;Henderson;Male;35;04/09/2016;97.9;Emergency;RN II;81705.74;4.8;MGR-015;Active;NA;NA;15/06/2024;4.4;5.0;5.0;4.2;3.4;4.9;4.7;4.6;0;0;Fica;17.3;30
445;EMP-0445;Eric;Anderson;Female;24;23/12/2016;94.3;Emergency;RN II;76448.9;3.1;MGR-015;Active;NA;NA;NA;323.125;NA;NA;NA;NA;NA;NA;NA;0;0;Fica;3.9;-4
446;EMP-0446;Nicholas;Murray;Female;28;10/06/2018;76.7;Pediatrics;RN III;87725.03;4;MGR-039;Terminated;19/11/2019;Involuntary;15/06/2024;2.6;2.4;2.8;2.7;2.6;2.5;2.9;2.9;0;1;Sai;4.3;-1
447;EMP-0447;Brenda;Jones;Female;27;21/06/2015;112.4;ICU;RN IV;109012.9;3.2;MGR-013;Active;NA;NA;15/06/2024;3.6;3.6;2.9;2.3;2.0;3.3;3.1;3.2;0;0;Fica;7.6;6
448;EMP-0448;Kevin;Campbell;Female;30;14/07/2021;39.6;Administration;RN III;83966.73;4.1;MGR-017;Active;NA;NA;NA;323.125;NA;NA;NA;NA;NA;NA;NA;0;0;Fica;13.9;21
449;EMP-0449;Carol;Ortiz;Male;37;28/03/2021;43.2;Nursing;RN II;80441.23;3.2;MGR-032;Active;NA;NA;15/06/2024;4.3;4.7;3.2;4.5;3.5;5.0;4.2;3.9;0;0;Fica;22.2;30
450;EMP-0450;Mark;Ramos;Male;40;13/05/2017;89.7;Nursing;RN II;75043.18;4.2;MGR-009;Active;NA;NA;NA;323.125;NA;NA;NA;NA;NA;NA;NA;0;0;Fica;13.7;10
451;EMP-0451;Terry;Gibson;Female;53;16/02/2019;68.5;Pediatrics;RN III;89189.6;3.9;MGR-040;Active;NA;NA;NA;323.125;NA;NA;NA;NA;NA;NA;NA;0;0;Fica;4.4;15
452;EMP-0452;Elizabeth;Patel;Female;28;19/07/2017;87.5;ICU;RN IV;107959.7;4.8;MGR-020;Active;NA;NA;NA;323.125;NA;NA;NA;NA;NA;NA;NA;0;0;Fica;9.1;30
453;EMP-0453;Jack;Romero;Male;47;07/06/2022;28.8;Nursing;RN II;76746.97;3.6;MGR-026;Terminated;19/05/2024;Voluntary;15/06/2024;2.6;2.6;1.8;1.4;1.4;2.1;2.5;1.9;0;1;Sai;37.4;63
454;EMP-0454;Amanda;Scott;Female;35;25/10/2014;120.2;Nursing;RN IV;99220.19;4.1;MGR-027;Active;NA;NA;15/06/2024;3.5;3.0;3.5;2.8;3.6;2.9;4.1;3.7;0;0;Fica;11.4;18
455;EMP-0455;Cheryl;Sanchez;Male;37;08/02/2014;128.7;Nursing;RN IV;109604.49;3.3;MGR-021;Active;NA;NA;15/06/2024;3.4;2.9;4.0;4.1;2.8;3.9;3.5;3.5;0;0;Fica;16.3;37
456;EMP-0456;Paul;Nelson;Female;44;21/02/2019;68.3;Surgery;RN II;71387.04;3.6;MGR-018;Active;NA;NA;15/06/2024;3.1;3.7;4.0;3.5;3.1;3.6;4.0;3.2;0;0;Fica;19.8;28
457;EMP-0457;Benjamin;Clark;Male;26;19/12/2020;46.4;Nursing;RN III;93423.24;3.9;MGR-013;Terminated;30/05/2022;Voluntary;NA;323.125;NA;NA;NA;NA;NA;NA;NA;0;1;Sai;15.7;38
458;EMP-0458;Rachel;Morgan;Male;41;25/04/2020;54.2;Nursing;RN II;79515.49;2.9;MGR-016;Active;NA;NA;15/06/2024;3.4;3.1;3.9;3.2;2.8;3.5;3.5;2.6;0;0;Fica;2.3;11
459;EMP-0459;Linda;Vargas;Male;39;14/02/2015;116.6;Nursing;RN IV;111667.29;2.9;MGR-009;Active;NA;NA;NA;323.125;NA;NA;NA;NA;NA;NA;NA;0;0;Fica;14.8;23
460;EMP-0460;Frank;Hernandez;Male;42;28/10/2014;120.1;Emergency;RN III;90840.02;4.2;MGR-012;Active;NA;NA;15/06/2024;1.3;1.0;1.0;1.0;1.0;1.0;1.5;1.1;0;0;Fica;23.8;46
461;EMP-0461;Janice;Kelly;Male;40;12/01/2020;57.7;Nursing;RN III;90322.72;3.7;MGR-044;Active;NA;NA;15/06/2024;3.9;3.6;2.7;3.1;2.9;2.9;3.5;3.2;0;0;Fica;8.7;5
462;EMP-0462;Rachel;Russell;Female;62;23/05/2016;101.3;Emergency;RN IV;100428.89;3.4;MGR-038;Active;NA;NA;NA;323.125;NA;NA;NA;NA;NA;NA;NA;0;0;Fica;11.6;16
463;EMP-0463;Zachary;Nguyen;Female;31;04/09/2019;61.9;Nursing;RN II;78854.85;3.4;MGR-019;Active;NA;NA;NA;323.125;NA;NA;NA;NA;NA;NA;NA;0;0;Fica;10.4;43
464;EMP-0464;Jose;Aguilar;Female;32;22/12/2016;94.3;Pediatrics;RN IV;102613.96;3.4;MGR-007;Terminated;13/12/2021;Voluntary;15/06/2024;1.3;1.0;1.0;1.4;1.2;1.8;1.4;1.7;0;1;Sai;12.9;37
465;EMP-0465;Noah;Thompson;Female;31;27/06/2015;112.2;Nursing;RN III;89947.13;3.9;MGR-035;Terminated;07/08/2023;Voluntary;15/06/2024;3.9;3.5;2.6;3.8;2.9;2.9;3.1;3.5;0;1;Sai;12.6;20
466;EMP-0466;Laura;Campbell;Male;32;30/11/2017;83;Emergency;RN II;71979.84;4.1;MGR-048;Active;NA;NA;NA;323.125;NA;NA;NA;NA;NA;NA;NA;0;0;Fica;7.9;6
467;EMP-0467;Olivia;Hughes;Male;31;18/11/2023;11.5;Surgery;RN I;59338.28;2.5;MGR-018;Active;NA;NA;15/06/2024;3.2;2.3;3.8;3.1;3.9;3.6;3.5;3.7;0;0;Fica;5.3;20
468;EMP-0468;Justin;Rivera;Female;49;09/10/2014;120.8;ICU;RN III;92072.92;4.6;MGR-016;Active;NA;NA;15/06/2024;4.7;4.3;5.0;4.9;5.0;5.0;5.0;4.2;0;0;Fica;17.2;25
469;EMP-0469;Joe;Coleman;Male;52;11/11/2023;11.7;Emergency;RN I;58543.32;4.6;MGR-039;Terminated;27/08/2024;Voluntary;15/06/2024;2.6;2.2;3.0;2.7;1.7;2.7;3.0;2.8;0;1;Sai;16.7;37
470;EMP-0470;Lauren;Owens;Female;32;27/09/2016;97.1;Nursing;RN IV;110726.97;2.4;MGR-004;Active;NA;NA;15/06/2024;2;2.2;1.9;1.8;2.7;2.2;2.5;1.9;0;0;Fica;6.9;26
471;EMP-0471;Christopher;Harrison;Male;29;22/02/2018;80.3;Nursing;RN III;87081.39;4.5;MGR-025;Active;NA;NA;15/06/2024;4.3;5.0;4.8;4.5;4.3;4.9;5.0;4.6;0;0;Fica;13;21
472;EMP-0472;Martha;Russell;Female;42;13/03/2017;91.7;ICU;RN IV;98002.29;4.4;MGR-032;Active;NA;NA;15/06/2024;1.5;1.5;2.0;1.4;1.8;1.6;2.2;1.2;0;0;Fica;0.6;2
473;EMP-0473;Tyler;Gonzales;Male;32;09/10/2015;108.8;Administration;RN IV;106689.2;3.8;MGR-040;Active;NA;NA;15/06/2024;3.4;2.4;2.9;2.8;3.1;3.4;3.1;2.8;0;0;Fica;29.2;68
474;EMP-0474;Kathryn;Russell;Female;44;30/11/2018;71.1;ICU;RN II;68655.93;3;MGR-013;Active;NA;NA;15/06/2024;2.7;4.0;3.1;3.0;3.2;3.2;3.3;2.6;0;0;Fica;7.8;20
475;EMP-0475;Jerry;Reyes;Female;40;09/05/2023;17.8;ICU;RN II;71866.37;4.4;MGR-045;Active;NA;NA;15/06/2024;2.1;2.4;2.3;1.8;1.9;2.1;1.7;2.0;0;0;Fica;11.6;46
476;EMP-0476;Emily;Jimenez;Female;22;04/02/2020;56.9;Pediatrics;RN II;77897.67;3.7;MGR-017;Active;NA;NA;15/06/2024;4.4;3.9;4.1;3.8;5.0;4.3;4.1;4.6;0;0;Fica;16.9;27
477;EMP-0477;Janet;Ortiz;Male;53;21/11/2021;35.3;Emergency;RN I;58626.9;4.1;MGR-049;Terminated;15/08/2023;Voluntary;15/06/2024;2.6;2.6;2.6;2.2;2.1;2.1;2.1;2.9;0;1;Sai;2.7;-1
478;EMP-0478;Kathryn;Medina;Female;55;24/05/2017;89.3;Nursing;RN II;79750.74;5;MGR-037;Active;NA;NA;NA;323.125;NA;NA;NA;NA;NA;NA;NA;0;0;Fica;8;17
479;EMP-0479;Jesse;Graham;Female;31;10/11/2020;47.7;ICU;RN III;82061.12;4;MGR-006;Active;NA;NA;15/06/2024;3.1;2.5;3.2;2.7;1.4;2.7;3.2;2.6;0;0;Fica;25.9;39
480;EMP-0480;Andrew;Torres;Female;34;19/01/2023;21.4;Administration;RN II;71455.53;3.2;MGR-019;Active;NA;NA;15/06/2024;4.8;5.0;4.7;5.0;4.1;5.0;5.0;4.6;0;0;Fica;16.7;21
481;EMP-0481;Elizabeth;Bailey;Female;40;02/05/2021;42;Nursing;RN II;78372.66;3.6;MGR-013;Active;NA;NA;15/06/2024;3.5;3.0;4.1;3.1;2.6;3.6;3.6;2.4;0;0;Fica;7.8;15
482;EMP-0482;Douglas;Hayes;Female;41;07/12/2019;58.8;ICU;RN II;72427.78;3.3;MGR-026;Active;NA;NA;15/06/2024;2.8;2.5;2.0;3.3;1.8;3.1;2.4;2.7;0;0;Fica;12;12
483;EMP-0483;Richard;Bell;Male;44;02/02/2014;128.9;Nursing;RN III;83630.28;4.1;MGR-014;Active;NA;NA;15/06/2024;2.8;2.7;2.2;2.7;2.4;3.0;3.0;2.4;0;0;Fica;0.9;8
484;EMP-0484;Daniel;Alvarez;Female;58;28/06/2021;40.1;Emergency;RN II;73043.27;3.3;MGR-031;Active;NA;NA;15/06/2024;4;3.5;3.1;4.1;4.5;3.7;3.7;3.8;0;0;Fica;9;21
485;EMP-0485;Jerry;Walker;Female;36;01/03/2023;20.1;Nursing;RN II;71785.51;3.5;MGR-004;Active;NA;NA;15/06/2024;1.6;2.0;2.1;1.9;1.7;1.7;2.2;1.7;0;0;Fica;6.7;17
486;EMP-0486;Jose;Griffin;Female;30;21/03/2020;55.4;Emergency;RN III;95483.39;3;MGR-039;Active;NA;NA;15/06/2024;2.3;2.6;2.7;2.2;1.9;2.3;2.8;2.3;0;0;Fica;21;32
487;EMP-0487;Sandra;Ford;Male;24;11/05/2017;89.7;Pediatrics;RN III;87013.57;3.7;MGR-008;Active;NA;NA;15/06/2024;4.4;4.2;3.9;3.0;3.7;4.3;4.2;4.0;0;0;Fica;15.7;26
488;EMP-0488;Thomas;Gomez;Male;30;10/06/2021;40.7;Nursing;RN III;94622.92;3.9;MGR-025;Active;NA;NA;15/06/2024;3.7;3.9;3.3;4.1;4.1;4.6;4.2;4.1;0;0;Fica;27.9;46
489;EMP-0489;Douglas;Lewis;Female;37;01/03/2015;116.1;ICU;RN III;96269.95;2.2;MGR-013;Active;NA;NA;NA;323.125;NA;NA;NA;NA;NA;NA;NA;0;0;Fica;32.9;84
490;EMP-0490;Kathleen;Flores;Female;55;06/11/2023;11.9;Pediatrics;RN I;62338.17;4;MGR-032;Active;NA;NA;15/06/2024;4.3;4.1;4.1;5.0;3.7;4.9;4.2;4.5;0;0;Fica;34.4;72
491;EMP-0491;Katherine;Green;Male;32;05/07/2015;111.9;Administration;RN IV;113469.03;3.8;MGR-038;Active;NA;NA;15/06/2024;4.5;4.1;4.1;5.0;4.3;5.0;4.8;4.7;0;0;Fica;12.5;30
492;EMP-0492;Victoria;Hernandez;Female;40;19/12/2016;94.4;Nursing;RN III;88037.09;3.3;MGR-038;Active;NA;NA;15/06/2024;3.3;3.0;2.7;3.8;2.6;4.0;3.3;3.5;0;0;Fica;6.4;10
493;EMP-0493;Christine;Freeman;Male;37;18/04/2015;114.5;Emergency;RN III;97425.25;5;MGR-028;Active;NA;NA;15/06/2024;3.7;3.6;3.9;3.6;3.7;4.5;4.1;3.5;0;0;Fica;33.3;57
494;EMP-0494;Terry;Smith;Male;49;24/12/2023;10.3;Nursing;RN I;58892.9;4.4;MGR-030;Terminated;26/08/2024;Voluntary;15/06/2024;2.9;2.5;3.7;3.4;2.4;3.0;3.0;3.1;0;1;Sai;3.6;15
495;EMP-0495;Charles;Rivera;Male;63;15/03/2015;115.6;Administration;RN II;77618.27;3.1;MGR-003;Active;NA;NA;15/06/2024;2.9;3.4;3.7;3.0;2.6;2.9;3.3;3.0;0;0;Fica;29.5;64
496;EMP-0496;Maria;Powell;Male;32;29/04/2022;30.1;Administration;RN II;74913.4;4.3;MGR-028;Active;NA;NA;15/06/2024;4.1;4.3;3.5;3.9;3.4;4.3;4.0;3.8;0;0;Fica;33.5;64
497;EMP-0497;Gloria;Henry;Female;33;16/03/2020;55.6;Emergency;RN II;73427.08;4.5;MGR-003;Active;NA;NA;15/06/2024;1.9;1.5;1.7;1.1;1.4;2.2;1.4;2.0;0;0;Fica;15.6;25
498;EMP-0498;Arthur;Hughes;Male;48;29/09/2015;109.1;Surgery;RN II;76857.97;3.9;MGR-045;Active;NA;NA;15/06/2024;3.6;3.1;3.5;2.6;4.1;3.2;3.5;3.8;0;0;Fica;14.3;27
499;EMP-0499;Pamela;Barnes;Female;44;20/01/2017;93.4;Emergency;RN II;77854;4;MGR-034;Terminated;16/03/2021;Voluntary;15/06/2024;1.9;1.0;1.2;1.3;1.4;1.0;1.9;1.0;0;1;Sai;3.2;-5
500;EMP-0500;William;Cruz;Female;56;28/02/2017;92.1;ICU;RN III;82069.81;4;MGR-016;Active;NA;NA;15/06/2024;4.3;4.1;3.8;3.4;4.9;4.0;3.7;3.5;0;0;Fica;2;-13
